GENEID	X23	X41	X47	X70	X79	X84	X92	X94
1110059G10Rik	0	0	0	0	0	0	5.00305424361532	0
1810011O10Rik	0	10.0122269359159	0	0	0	0	0	1.00012209018435
2810474O19Rik	1.00012209018435	0	0	0	0	1.00012209018435	12.0176125328898	0
4632427E13Rik	0	0	0	3.00109916954915	0	3.00109916954915	5.00305424361532	0
4930402H24Rik	0	1.00012209018435	1.00012209018435	0	2.00048844025395	5.00305424361532	0	1.00012209018435
4930453N24Rik	0	1.00012209018435	0	0	1.00012209018435	1.00012209018435	0	5.00305424361532
8430408G22Rik	0	16.0313316193744	0	0	0	0	0	0
9930111J21Rik1	0	10.0122269359159	3.00109916954915	1.00012209018435	5.00305424361532	1.00012209018435	8.00782268745052	6.00439882750478
9930120I10Rik	0	0	0	0	0	5.00305424361532	0	0
A430073D23Rik	0	40.1965934523377	7.00598826885697	0	8.00782268745052	14.0239804397716	32.1256548803621	15.0275330602518
Abca1	1.00012209018435	7.00598826885697	0	1.00012209018435	0	0	10.0122269359159	3.00109916954915
Abca8a	0	0	3.00109916954915	0	0	6.00439882750478	3.00109916954915	0
Abcc9	1.00012209018435	0	0	1.00012209018435	0	17.0353762377124	18.0396670359275	0
Ablim1	0	7.00598826885697	0	0	3.00109916954915	0	0	3.00109916954915
Acadl	0	0	0	0	1.00012209018435	5.00305424361532	1.00012209018435	1.00012209018435
Acta2	0	0	0	0	0	5.00305424361532	0	1.00012209018435
Actb	4.00195439749781	20.048987655079	1.00012209018435	5.00305424361532	29.1031482864402	19.0442041347699	22.0592944438992	28.0961415204583
Actg1	1.00012209018435	30.1104026871881	0	8.00782268745052	12.0176125328898	4.00195439749781	11.0147970057849	10.0122269359159
Actn1	0	2.00048844025395	1.00012209018435	1.00012209018435	0	2.00048844025395	9.00990220315199	1.00012209018435
Actn4	0	0	0	1.00012209018435	0	2.00048844025395	4.00195439749781	6.00439882750478
Acvrl1	0	6.00439882750478	0	0	0	0	0	0
Adam12	0	0	0	1.00012209018435	0	11.0147970057849	1.00012209018435	1.00012209018435
Adam28	0	0	0	0	1.00012209018435	0	5.00305424361532	1.00012209018435
Adgre5	0	5.00305424361532	0	0	0	0	0	4.00195439749781
Adgrf5	0	7.00598826885697	0	0	0	0	0	0
Adgrl1	0	0	0	0	0	1.00012209018435	9.00990220315199	0
Adh1	0	0	0	0	0	1.00012209018435	17.0353762377124	0
Aebp1	0	0	1.00012209018435	0	0	1.00012209018435	5.00305424361532	0
Aes	0	5.00305424361532	0	2.00048844025395	0	2.00048844025395	3.00109916954915	5.00305424361532
Agtr1a	0	0	0	0	0	5.00305424361532	5.00305424361532	0
Ahnak	1.00012209018435	2.00048844025395	1.00012209018435	1.00012209018435	0	20.048987655079	16.0313316193744	3.00109916954915
Ahr	0	1.00012209018435	0	1.00012209018435	0	7.00598826885697	1.00012209018435	0
Akap2	0	0	1.00012209018435	0	0	26.0828704059517	5.00305424361532	2.00048844025395
Akr1a1	2.00048844025395	0	0	0	0	5.00305424361532	7.00598826885697	1.00012209018435
Aldh2	0	0	0	0	1.00012209018435	6.00439882750478	2.00048844025395	0
Aldoa	1.00012209018435	1.00012209018435	0	0	0	6.00439882750478	9.00990220315199	0
Amotl2	1.00012209018435	1.00012209018435	0	0	0	0	7.00598826885697	1.00012209018435
Anapc5	1.00012209018435	0	0	0	0	6.00439882750478	2.00048844025395	0
Angel2	0	0	0	0	5.00305424361532	0	2.00048844025395	0
Ankrd11	0	0	1.00012209018435	2.00048844025395	1.00012209018435	3.00109916954915	4.00195439749781	8.00782268745052
Ankrd12	0	0	0	0	0	5.00305424361532	7.00598826885697	0
Ano1	0	0	0	0	0	3.00109916954915	6.00439882750478	0
Anxa2	0	4.00195439749781	0	1.00012209018435	0	1.00012209018435	0	7.00598826885697
Aoc3	0	0	0	1.00012209018435	0	6.00439882750478	4.00195439749781	1.00012209018435
Ap2m1	0	1.00012209018435	0	2.00048844025395	0	6.00439882750478	3.00109916954915	0
Apbb2	0	1.00012209018435	0	0	0	5.00305424361532	3.00109916954915	2.00048844025395
Api5	0	0	0	0	0	1.00012209018435	0	7.00598826885697
Aplp2	0	4.00195439749781	0	0	0	1.00012209018435	6.00439882750478	1.00012209018435
Apoe	29.1031482864402	1.00012209018435	4.00195439749781	33.1336529167031	1.00012209018435	75.6951442311975	130.042668296521	5.00305424361532
Apold1	1.00012209018435	9.00990220315199	1.00012209018435	0	0	6.00439882750478	0	2.00048844025395
App	1.00012209018435	13.0206736374495	0	6.00439882750478	0	7.00598826885697	18.0396670359275	5.00305424361532
Aqp1	0	11.0147970057849	0	0	0	0	0	7.00598826885697
Arcn1	3.00109916954915	0	0	0	2.00048844025395	6.00439882750478	6.00439882750478	3.00109916954915
Arf4	0	2.00048844025395	0	0	0	6.00439882750478	8.00782268745052	2.00048844025395
Arf6	0	2.00048844025395	0	0	3.00109916954915	5.00305424361532	1.00012209018435	1.00012209018435
Arhgap27	0	0	0	0	5.00305424361532	0	0	2.00048844025395
Arhgap5	0	0	0	0	0	1.00012209018435	6.00439882750478	0
Arhgdia	0	7.00598826885697	0	1.00012209018435	2.00048844025395	3.00109916954915	2.00048844025395	4.00195439749781
Arhgef7	0	8.00782268745052	0	0	0	0	0	0
Arid5b	0	1.00012209018435	0	0	0	7.00598826885697	1.00012209018435	0
Arpc1b	0	9.00990220315199	0	1.00012209018435	4.00195439749781	3.00109916954915	6.00439882750478	3.00109916954915
Arpc2	0	8.00782268745052	0	0	1.00012209018435	5.00305424361532	6.00439882750478	1.00012209018435
Aspn	0	0	0	0	0	7.00598826885697	0	0
Atf3	0	0	1.00012209018435	0	0	8.00782268745052	3.00109916954915	0
Atf4	1.00012209018435	4.00195439749781	1.00012209018435	0	2.00048844025395	11.0147970057849	5.00305424361532	2.00048844025395
Atn1	0	1.00012209018435	0	1.00012209018435	0	0	5.00305424361532	0
Atp11a	0	0	0	1.00012209018435	0	0	5.00305424361532	1.00012209018435
Atp1a1	0	7.00598826885697	1.00012209018435	0	0	2.00048844025395	0	5.00305424361532
Atp1a2	0	0	0	0	0	9.00990220315199	6.00439882750478	2.00048844025395
Atp1b2	0	0	0	0	0	5.00305424361532	2.00048844025395	0
Atp2a2	0	0	0	0	1.00012209018435	0	6.00439882750478	0
Atp5a1	0	0	0	0	3.00109916954915	8.00782268745052	1.00012209018435	6.00439882750478
Atp5g1	0	0	0	0	0	5.00305424361532	0	1.00012209018435
Atp6ap1	1.00012209018435	5.00305424361532	0	0	1.00012209018435	2.00048844025395	1.00012209018435	0
Atrx	0	2.00048844025395	2.00048844025395	0	5.00305424361532	1.00012209018435	3.00109916954915	7.00598826885697
Atxn7l3b	0	0	0	0	0	7.00598826885697	3.00109916954915	0
Azin1	0	6.00439882750478	0	1.00012209018435	2.00048844025395	0	2.00048844025395	0
B2m	5.00305424361532	39.186855988824	0	7.00598826885697	1.00012209018435	6.00439882750478	32.1256548803621	31.1179048445245
B4galt4	1.00012209018435	5.00305424361532	0	0	0	0	0	1.00012209018435
BC051077	0	3.00109916954915	1.00012209018435	0	1.00012209018435	8.00782268745052	2.00048844025395	6.00439882750478
Bag6	0	2.00048844025395	0	0	0	5.00305424361532	1.00012209018435	0
Bcl10	0	0	1.00012209018435	0	0	0	5.00305424361532	0
Bgn	2.00048844025395	1.00012209018435	0	6.00439882750478	1.00012209018435	11.0147970057849	16.0313316193744	0
Bhlhe40	0	1.00012209018435	0	0	0	4.00195439749781	9.00990220315199	1.00012209018435
Bicc1	0	0	0	0	0	2.00048844025395	5.00305424361532	0
Birc3	0	1.00012209018435	1.00012209018435	0	0	6.00439882750478	5.00305424361532	1.00012209018435
Bmpr2	0	8.00782268745052	0	2.00048844025395	0	0	1.00012209018435	2.00048844025395
Bnip3l	0	2.00048844025395	0	1.00012209018435	0	6.00439882750478	2.00048844025395	0
Btf3	1.00012209018435	0	0	2.00048844025395	2.00048844025395	2.00048844025395	6.00439882750478	1.00012209018435
Btg1	0	1.00012209018435	0	2.00048844025395	1.00012209018435	15.0275330602518	1.00012209018435	2.00048844025395
Btg2	1.00012209018435	0	4.00195439749781	1.00012209018435	0	9.00990220315199	23.0648179545339	0
C1ra	1.00012209018435	0	0	0	0	6.00439882750478	10.0122269359159	1.00012209018435
C1s1	0	0	1.00012209018435	1.00012209018435	0	9.00990220315199	9.00990220315199	0
C3	15.0275330602518	0	0	11.0147970057849	0	19.0442041347699	52.332898627509	1.00012209018435
C4a	3.00109916954915	0	0	1.00012209018435	0	5.00305424361532	5.00305424361532	0
Cacna1c	1.00012209018435	0	0	0	0	3.00109916954915	5.00305424361532	0
Cald1	1.00012209018435	0	1.00012209018435	2.00048844025395	0	3.00109916954915	8.00782268745052	0
Calm1	0	11.0147970057849	0	0	3.00109916954915	3.00109916954915	2.00048844025395	13.0206736374495
Calr	1.00012209018435	1.00012209018435	0	0	0	4.00195439749781	6.00439882750478	4.00195439749781
Calu	2.00048844025395	2.00048844025395	0	0	0	4.00195439749781	6.00439882750478	0
Canx	1.00012209018435	6.00439882750478	0	2.00048844025395	0	0	6.00439882750478	1.00012209018435
Capns1	0	5.00305424361532	0	1.00012209018435	0	1.00012209018435	5.00305424361532	5.00305424361532
Casp4	0	0	3.00109916954915	1.00012209018435	0	7.00598826885697	12.0176125328898	3.00109916954915
Cav1	0	6.00439882750478	0	0	0	0	0	6.00439882750478
Ccdc80	1.00012209018435	0	0	1.00012209018435	0	6.00439882750478	5.00305424361532	0
Ccl11	1.00012209018435	0	0	0	0	4.00195439749781	8.00782268745052	0
Ccl19	0	0	0	0	0	0	6.00439882750478	0
Ccl2	0	0	0	0	0	16.0313316193744	50.3076822698104	2.00048844025395
Ccl7	0	0	1.00012209018435	0	0	38.1773673823587	0	0
Ccnd3	0	5.00305424361532	0	0	0	0	0	0
Cct2	1.00012209018435	3.00109916954915	0	0	0	3.00109916954915	5.00305424361532	1.00012209018435
Cct3	0	0	0	0	1.00012209018435	1.00012209018435	7.00598826885697	1.00012209018435
Cd151	0	6.00439882750478	0	0	0	1.00012209018435	0	3.00109916954915
Cd300lg	0	9.00990220315199	0	0	0	0	0	4.00195439749781
Cd34	0	15.0275330602518	0	0	0	0	1.00012209018435	10.0122269359159
Cd44	0	0	0	0	0	4.00195439749781	7.00598826885697	0
Cd63	0	0	0	3.00109916954915	0	4.00195439749781	8.00782268745052	1.00012209018435
Cd74	0	0	0	0	25.0766058142306	0	0	0
Cd79a	0	0	0	0	10.0122269359159	0	0	0
Cd81	3.00109916954915	12.0176125328898	1.00012209018435	1.00012209018435	1.00012209018435	1.00012209018435	7.00598826885697	9.00990220315199
Cd93	0	20.048987655079	0	0	0	0	0	15.0275330602518
Cdc42	0	3.00109916954915	0	2.00048844025395	2.00048844025395	8.00782268745052	11.0147970057849	6.00439882750478
Cdc42ep3	0	0	0	0	0	0	6.00439882750478	0
Cdh11	0	0	0	5.00305424361532	0	2.00048844025395	0	0
Cdh13	0	11.0147970057849	0	0	0	0	0	1.00012209018435
Cdh5	0	5.00305424361532	0	0	0	0	0	4.00195439749781
Cdkn1a	0	0	0	0	0	10.0122269359159	0	2.00048844025395
Celf2	0	0	1.00012209018435	0	2.00048844025395	6.00439882750478	6.00439882750478	0
Cfdp1	1.00012209018435	1.00012209018435	0	0	1.00012209018435	1.00012209018435	5.00305424361532	1.00012209018435
Cfl1	1.00012209018435	8.00782268745052	0	3.00109916954915	4.00195439749781	5.00305424361532	6.00439882750478	12.0176125328898
Chchd2	3.00109916954915	1.00012209018435	1.00012209018435	2.00048844025395	2.00048844025395	7.00598826885697	7.00598826885697	7.00598826885697
Chd4	0	1.00012209018435	0	0	0	4.00195439749781	6.00439882750478	3.00109916954915
Chst15	0	0	0	0	0	6.00439882750478	7.00598826885697	2.00048844025395
Clec14a	1.00012209018435	10.0122269359159	0	1.00012209018435	0	0	1.00012209018435	1.00012209018435
Clic1	0	2.00048844025395	0	1.00012209018435	0	0	1.00012209018435	6.00439882750478
Clic4	0	11.0147970057849	1.00012209018435	1.00012209018435	1.00012209018435	9.00990220315199	6.00439882750478	2.00048844025395
Cltc	1.00012209018435	2.00048844025395	0	2.00048844025395	1.00012209018435	3.00109916954915	5.00305424361532	2.00048844025395
Clu	3.00109916954915	0	0	9.00990220315199	0	4.00195439749781	12.0176125328898	0
Cmip	0	17.0353762377124	0	0	0	6.00439882750478	2.00048844025395	1.00012209018435
Cnbp	0	2.00048844025395	0	1.00012209018435	2.00048844025395	13.0206736374495	3.00109916954915	0
Col15a1	0	0	1.00012209018435	0	0	0	0	12.0176125328898
Col1a1	9.00990220315199	0	0	14.0239804397716	1.00012209018435	15.0275330602518	50.3076822698104	2.00048844025395
Col1a2	4.00195439749781	1.00012209018435	0	9.00990220315199	1.00012209018435	48.283466760365	79.771780546812	1.00012209018435
Col3a1	5.00305424361532	0	0	12.0176125328898	0	68.5707791601287	71.6225612459211	0
Col4a1	1.00012209018435	67.5540235386734	2.00048844025395	3.00109916954915	0	11.0147970057849	17.0353762377124	67.5540235386734
Col4a2	3.00109916954915	35.1503934793561	0	3.00109916954915	0	11.0147970057849	17.0353762377124	32.1256548803621
Col5a2	1.00012209018435	0	0	1.00012209018435	0	5.00305424361532	5.00305424361532	0
Col6a1	3.00109916954915	0	0	3.00109916954915	1.00012209018435	2.00048844025395	6.00439882750478	0
Col6a2	4.00195439749781	0	0	1.00012209018435	2.00048844025395	4.00195439749781	8.00782268745052	1.00012209018435
Col6a3	3.00109916954915	0	2.00048844025395	4.00195439749781	0	7.00598826885697	18.0396670359275	0
Col6a6	0	1.00012209018435	0	0	0	2.00048844025395	5.00305424361532	0
Coro1b	1.00012209018435	6.00439882750478	0	1.00012209018435	0	0	1.00012209018435	1.00012209018435
Cox8a	4.00195439749781	1.00012209018435	1.00012209018435	3.00109916954915	3.00109916954915	2.00048844025395	7.00598826885697	0
Cp	0	0	0	0	1.00012209018435	14.0239804397716	19.0442041347699	0
Crip2	0	7.00598826885697	1.00012209018435	0	0	4.00195439749781	4.00195439749781	2.00048844025395
Crispld2	0	0	0	0	0	5.00305424361532	1.00012209018435	0
Csf2rb	0	5.00305424361532	0	1.00012209018435	0	0	3.00109916954915	0
Csnk1a1	0	1.00012209018435	2.00048844025395	1.00012209018435	1.00012209018435	10.0122269359159	5.00305424361532	0
Csnk1e	0	0	1.00012209018435	0	0	6.00439882750478	1.00012209018435	0
Ctage5	0	1.00012209018435	1.00012209018435	0	2.00048844025395	1.00012209018435	5.00305424361532	2.00048844025395
Ctdsp2	0	2.00048844025395	0	0	0	5.00305424361532	3.00109916954915	1.00012209018435
Ctla2a	0	2.00048844025395	0	0	0	0	0	6.00439882750478
Ctnnb1	0	10.0122269359159	0	1.00012209018435	0	0	1.00012209018435	7.00598826885697
Cxcl1	0	0	5.00305424361532	0	0	71.6225612459211	83.8524782691409	0
Cxcl10	0	0	2.00048844025395	0	0	14.0239804397716	13.0206736374495	0
Cxcl12	27.0893822675098	43.22730021288	1.00012209018435	6.00439882750478	0	73.6583465760993	127.978672284089	2.00048844025395
Cxcl13	0	0	0	4.00195439749781	0	36.1591362501238	29.1031482864402	0
Cxcl2	0	0	0	0	0	24.0705883708827	0	0
Cxcl5	0	0	0	0	0	0	32.1256548803621	0
Cxx1a	0	12.0176125328898	0	0	0	0	3.00109916954915	8.00782268745052
Cxxc1	0	0	0	0	1.00012209018435	1.00012209018435	5.00305424361532	0
Cyfip1	1.00012209018435	5.00305424361532	0	0	0	0	1.00012209018435	3.00109916954915
Cygb	0	1.00012209018435	0	2.00048844025395	0	7.00598826885697	17.0353762377124	1.00012209018435
Cyp1b1	0	0	0	0	0	4.00195439749781	5.00305424361532	1.00012209018435
Cyyr1	0	8.00782268745052	0	0	0	0	0	1.00012209018435
Dag1	1.00012209018435	1.00012209018435	0	1.00012209018435	0	5.00305424361532	4.00195439749781	3.00109916954915
Dapk1	0	0	0	0	0	7.00598826885697	3.00109916954915	0
Dcaf10	0	3.00109916954915	0	0	1.00012209018435	8.00782268745052	1.00012209018435	1.00012209018435
Dclk1	1.00012209018435	0	0	1.00012209018435	0	11.0147970057849	5.00305424361532	0
Dcn	18.0396670359275	1.00012209018435	1.00012209018435	10.0122269359159	0	146.592185760093	47.2717340146999	1.00012209018435
Dctn2	0	5.00305424361532	0	0	0	0	0	1.00012209018435
Ddah2	0	3.00109916954915	0	0	0	5.00305424361532	0	3.00109916954915
Ddost	0	1.00012209018435	0	2.00048844025395	0	0	5.00305424361532	0
Ddx3x	0	3.00109916954915	0	1.00012209018435	2.00048844025395	8.00782268745052	1.00012209018435	3.00109916954915
Ddx3y	0	1.00012209018435	0	2.00048844025395	0	12.0176125328898	12.0176125328898	2.00048844025395
Ddx5	1.00012209018435	4.00195439749781	1.00012209018435	5.00305424361532	3.00109916954915	29.1031482864402	24.0705883708827	4.00195439749781
Degs1	0	5.00305424361532	0	0	0	2.00048844025395	1.00012209018435	2.00048844025395
Des	0	0	0	2.00048844025395	0	0	10.0122269359159	0
Dkc1	0	0	1.00012209018435	0	0	0	0	6.00439882750478
Dlgap4	0	5.00305424361532	0	0	0	1.00012209018435	1.00012209018435	0
Dnaja1	0	0	0	1.00012209018435	2.00048844025395	4.00195439749781	3.00109916954915	5.00305424361532
Dnajb1	0	0	0	0	2.00048844025395	1.00012209018435	52.332898627509	0
Dnajb14	0	3.00109916954915	1.00012209018435	0	0	3.00109916954915	5.00305424361532	2.00048844025395
Dock6	0	2.00048844025395	0	0	0	0	1.00012209018435	5.00305424361532
Dot1l	0	0	0	0	0	20.048987655079	9.00990220315199	1.00012209018435
Dpysl3	0	0	0	2.00048844025395	0	8.00782268745052	7.00598826885697	0
Dsc2	0	0	0	9.00990220315199	0	0	0	0
Dstn	0	4.00195439749781	0	2.00048844025395	0	6.00439882750478	8.00782268745052	0
Dtx3	0	2.00048844025395	1.00012209018435	0	0	1.00012209018435	7.00598826885697	0
Dync1h1	0	5.00305424361532	0	0	0	4.00195439749781	0	4.00195439749781
Dync1i2	0	0	0	0	0	2.00048844025395	5.00305424361532	3.00109916954915
Ebf1	1.00012209018435	2.00048844025395	2.00048844025395	0	12.0176125328898	7.00598826885697	1.00012209018435	1.00012209018435
Ece1	0	8.00782268745052	0	0	0	1.00012209018435	0	2.00048844025395
Eef1a1	8.00782268745052	43.22730021288	2.00048844025395	24.0705883708827	9.00990220315199	27.0893822675098	48.283466760365	32.1256548803621
Eef1g	0	0	0	2.00048844025395	2.00048844025395	0	10.0122269359159	5.00305424361532
Eef2	1.00012209018435	21.0540177177831	1.00012209018435	1.00012209018435	11.0147970057849	9.00990220315199	14.0239804397716	12.0176125328898
Efnb2	0	8.00782268745052	0	0	0	0	0	1.00012209018435
Egfl7	0	7.00598826885697	0	0	0	0	0	4.00195439749781
Egr1	5.00305424361532	6.00439882750478	2.00048844025395	5.00305424361532	0	18.0396670359275	21.0540177177831	2.00048844025395
Ehd2	0	5.00305424361532	0	0	0	1.00012209018435	1.00012209018435	1.00012209018435
Eif1	0	6.00439882750478	0	1.00012209018435	2.00048844025395	12.0176125328898	13.0206736374495	3.00109916954915
Eif2s1	0	0	0	0	5.00305424361532	0	0	1.00012209018435
Eif3c	0	2.00048844025395	0	3.00109916954915	0	2.00048844025395	6.00439882750478	0
Eif4a1	1.00012209018435	2.00048844025395	1.00012209018435	0	3.00109916954915	8.00782268745052	13.0206736374495	3.00109916954915
Eif4g2	1.00012209018435	2.00048844025395	4.00195439749781	0	0	6.00439882750478	8.00782268745052	7.00598826885697
Eif4g3	1.00012209018435	0	0	0	2.00048844025395	8.00782268745052	5.00305424361532	1.00012209018435
Eif4h	0	2.00048844025395	0	0	1.00012209018435	7.00598826885697	5.00305424361532	1.00012209018435
Eif5	0	3.00109916954915	0	1.00012209018435	0	7.00598826885697	2.00048844025395	1.00012209018435
Elk3	0	5.00305424361532	0	1.00012209018435	0	0	0	2.00048844025395
Emb	0	0	0	0	0	3.00109916954915	11.0147970057849	0
Emcn	0	7.00598826885697	0	0	0	0	0	3.00109916954915
Emd	0	3.00109916954915	0	0	0	4.00195439749781	6.00439882750478	1.00012209018435
Emp1	0	7.00598826885697	0	0	0	0	0	1.00012209018435
Eng	0	11.0147970057849	0	0	0	1.00012209018435	1.00012209018435	6.00439882750478
Enpp2	0	14.0239804397716	0	8.00782268745052	0	15.0275330602518	13.0206736374495	6.00439882750478
Epas1	1.00012209018435	37.1681275103067	0	3.00109916954915	0	10.0122269359159	19.0442041347699	11.0147970057849
Epha3	1.00012209018435	0	0	0	0	1.00012209018435	7.00598826885697	0
Eprs	0	1.00012209018435	0	2.00048844025395	0	0	5.00305424361532	0
Erdr1	2.00048844025395	0	0	0	2.00048844025395	30.1104026871881	42.2168154415037	2.00048844025395
Errfi1	0	0	1.00012209018435	1.00012209018435	0	24.0705883708827	35.1503934793561	0
Esam	0	8.00782268745052	0	0	0	0	0	3.00109916954915
Etf1	0	2.00048844025395	0	0	0	5.00305424361532	5.00305424361532	0
Etfa	0	0	0	0	0	0	7.00598826885697	0
Ets1	1.00012209018435	6.00439882750478	0	1.00012209018435	7.00598826885697	0	3.00109916954915	3.00109916954915
Ezh1	0	0	0	0	0	0	5.00305424361532	0
Ezr	0	0	0	0	6.00439882750478	0	0	0
F11r	1.00012209018435	6.00439882750478	0	0	0	0	1.00012209018435	6.00439882750478
F2r	0	2.00048844025395	0	2.00048844025395	0	0	0	5.00305424361532
F830016B08Rik	0	7.00598826885697	0	0	1.00012209018435	1.00012209018435	2.00048844025395	1.00012209018435
Fabp4	0	7.00598826885697	0	0	0	0	0	0
Fam168a	0	0	0	0	0	0	6.00439882750478	0
Fam46a	1.00012209018435	0	0	0	0	6.00439882750478	6.00439882750478	0
Fbln2	0	6.00439882750478	0	0	0	0	1.00012209018435	0
Fbln5	0	8.00782268745052	0	0	0	0	0	0
Fbn1	0	1.00012209018435	0	0	0	4.00195439749781	6.00439882750478	0
Fbn2	0	0	0	0	0	18.0396670359275	20.048987655079	0
Fbxo28	0	5.00305424361532	0	0	0	0	0	0
Fem1b	0	0	0	0	3.00109916954915	7.00598826885697	1.00012209018435	0
Fermt2	0	3.00109916954915	0	0	0	10.0122269359159	1.00012209018435	3.00109916954915
Fkbp1a	0	3.00109916954915	1.00012209018435	1.00012209018435	0	1.00012209018435	3.00109916954915	8.00782268745052
Fkbp9	0	0	0	0	0	0	5.00305424361532	1.00012209018435
Flna	0	2.00048844025395	0	1.00012209018435	2.00048844025395	6.00439882750478	2.00048844025395	0
Flt1	0	18.0396670359275	1.00012209018435	0	0	0	0	6.00439882750478
Fn1	2.00048844025395	0	0	11.0147970057849	0	5.00305424361532	2.00048844025395	0
Fos	3.00109916954915	6.00439882750478	1.00012209018435	0	0	0	3.00109916954915	0
Fosb	0	1.00012209018435	2.00048844025395	9.00990220315199	0	20.048987655079	48.283466760365	2.00048844025395
Fosl2	0	2.00048844025395	0	0	0	5.00305424361532	7.00598826885697	3.00109916954915
Foxp1	0	6.00439882750478	0	0	1.00012209018435	4.00195439749781	0	2.00048844025395
Fstl1	3.00109916954915	9.00990220315199	0	5.00305424361532	0	14.0239804397716	13.0206736374495	3.00109916954915
Fth1	4.00195439749781	2.00048844025395	0	4.00195439749781	3.00109916954915	5.00305424361532	20.048987655079	5.00305424361532
Ftl1	0	6.00439882750478	0	1.00012209018435	1.00012209018435	1.00012209018435	6.00439882750478	2.00048844025395
Fubp1	0	0	1.00012209018435	0	0	7.00598826885697	0	0
Fus	0	0	0	0	0	6.00439882750478	0	1.00012209018435
Fxyd1	0	0	1.00012209018435	0	0	5.00305424361532	1.00012209018435	0
G530011O06Rik	0	0	0	0	0	14.0239804397716	11.0147970057849	1.00012209018435
Gabarapl1	0	0	0	0	0	6.00439882750478	5.00305424361532	0
Gadd45b	2.00048844025395	0	1.00012209018435	0	0	12.0176125328898	0	0
Gapdh	3.00109916954915	6.00439882750478	0	1.00012209018435	1.00012209018435	4.00195439749781	5.00305424361532	2.00048844025395
Gas1	0	0	1.00012209018435	1.00012209018435	0	2.00048844025395	17.0353762377124	0
Gem	0	0	1.00012209018435	0	0	11.0147970057849	7.00598826885697	1.00012209018435
Gja4	0	11.0147970057849	0	0	0	0	0	2.00048844025395
Glg1	0	1.00012209018435	0	0	1.00012209018435	2.00048844025395	6.00439882750478	0
Glis2	0	5.00305424361532	0	0	0	0	1.00012209018435	1.00012209018435
Glul	0	24.0705883708827	0	0	0	4.00195439749781	6.00439882750478	3.00109916954915
Gm10036	1.00012209018435	2.00048844025395	0	3.00109916954915	3.00109916954915	3.00109916954915	9.00990220315199	3.00109916954915
Gm10073	1.00012209018435	2.00048844025395	0	1.00012209018435	2.00048844025395	4.00195439749781	10.0122269359159	6.00439882750478
Gm10126	2.00048844025395	2.00048844025395	0	3.00109916954915	4.00195439749781	0	5.00305424361532	2.00048844025395
Gm10263	6.00439882750478	1.00012209018435	0	6.00439882750478	4.00195439749781	2.00048844025395	1.00012209018435	2.00048844025395
Gm10709	0	2.00048844025395	0	4.00195439749781	2.00048844025395	5.00305424361532	6.00439882750478	2.00048844025395
Gm10715	1.00012209018435	2.00048844025395	7.00598826885697	0	0	3.00109916954915	3.00109916954915	5.00305424361532
Gm10717	0	10.0122269359159	12.0176125328898	0	5.00305424361532	4.00195439749781	5.00305424361532	18.0396670359275
Gm10719	1.00012209018435	2.00048844025395	6.00439882750478	0	2.00048844025395	6.00439882750478	2.00048844025395	2.00048844025395
Gm10827	0	3.00109916954915	6.00439882750478	3.00109916954915	7.00598826885697	10.0122269359159	3.00109916954915	6.00439882750478
Gm11261	0	0	1.00012209018435	0	0	6.00439882750478	2.00048844025395	0
Gm11808	2.00048844025395	0	0	2.00048844025395	0	5.00305424361532	3.00109916954915	0
Gm12976	0	1.00012209018435	1.00012209018435	0	0	9.00990220315199	22.0592944438992	0
Gm13075	0	1.00012209018435	0	0	2.00048844025395	5.00305424361532	2.00048844025395	1.00012209018435
Gm13889	0	0	0	0	0	22.0592944438992	21.0540177177831	1.00012209018435
Gm13936	0	6.00439882750478	0	0	0	1.00012209018435	0	1.00012209018435
Gm14214	3.00109916954915	3.00109916954915	0	4.00195439749781	0	4.00195439749781	11.0147970057849	6.00439882750478
Gm15013	5.00305424361532	12.0176125328898	1.00012209018435	12.0176125328898	4.00195439749781	2.00048844025395	19.0442041347699	4.00195439749781
Gm15247	0	0	0	0	0	8.00782268745052	11.0147970057849	0
Gm16286	0	5.00305424361532	0	0	2.00048844025395	2.00048844025395	1.00012209018435	1.00012209018435
Gm17555	0	53.3458824338344	9.00990220315199	1.00012209018435	9.00990220315199	8.00782268745052	28.0961415204583	13.0206736374495
Gm17615	1.00012209018435	29.1031482864402	3.00109916954915	0	8.00782268745052	6.00439882750478	14.0239804397716	11.0147970057849
Gm19817	0	1.00012209018435	0	0	0	10.0122269359159	3.00109916954915	0
Gm2000	2.00048844025395	2.00048844025395	0	1.00012209018435	2.00048844025395	3.00109916954915	6.00439882750478	4.00195439749781
Gm21092	1.00012209018435	3.00109916954915	0	0	1.00012209018435	1.00012209018435	6.00439882750478	0
Gm21750	1.00012209018435	31.1179048445245	8.00782268745052	0	7.00598826885697	5.00305424361532	13.0206736374495	15.0275330602518
Gm21833	2.00048844025395	113.559748668846	28.0961415204583	1.00012209018435	29.1031482864402	37.1681275103067	53.3458824338344	43.22730021288
Gm21962	0	14.0239804397716	5.00305424361532	0	6.00439882750478	2.00048844025395	11.0147970057849	1.00012209018435
Gm26905	0	5.00305424361532	0	0	3.00109916954915	3.00109916954915	4.00195439749781	4.00195439749781
Gm26981	0	1.00012209018435	0	0	5.00305424361532	3.00109916954915	3.00109916954915	1.00012209018435
Gm28037	2.00048844025395	5.00305424361532	0	3.00109916954915	2.00048844025395	6.00439882750478	5.00305424361532	2.00048844025395
Gm28045	0	0	0	0	1.00012209018435	0	0	17.0353762377124
Gm29055	8.00782268745052	189.308075883846	36.1591362501238	4.00195439749781	73.6583465760993	72.6403274332921	126.947064168826	101.240942390885
Gm29562	0	1.00012209018435	0	0	2.00048844025395	6.00439882750478	1.00012209018435	3.00109916954915
Gm31258	0	16.0313316193744	3.00109916954915	0	1.00012209018435	1.00012209018435	5.00305424361532	2.00048844025395
Gm37140	0	0	0	0	0	6.00439882750478	0	0
Gm37158	0	60.4437923669776	18.0396670359275	3.00109916954915	11.0147970057849	14.0239804397716	42.2168154415037	22.0592944438992
Gm37214	0	0	0	0	1.00012209018435	5.00305424361532	2.00048844025395	2.00048844025395
Gm37234	0	7.00598826885697	0	1.00012209018435	4.00195439749781	1.00012209018435	5.00305424361532	2.00048844025395
Gm37324	0	17.0353762377124	5.00305424361532	1.00012209018435	8.00782268745052	4.00195439749781	9.00990220315199	6.00439882750478
Gm37404	0	15.0275330602518	1.00012209018435	0	4.00195439749781	3.00109916954915	11.0147970057849	4.00195439749781
Gm37746	0	24.0705883708827	5.00305424361532	1.00012209018435	4.00195439749781	9.00990220315199	13.0206736374495	10.0122269359159
Gm37758	0	1.00012209018435	1.00012209018435	0	2.00048844025395	7.00598826885697	3.00109916954915	1.00012209018435
Gm37900	0	23.0648179545339	5.00305424361532	0	3.00109916954915	10.0122269359159	17.0353762377124	8.00782268745052
Gm37903	0	3.00109916954915	1.00012209018435	0	0	0	5.00305424361532	0
Gm37954	5.00305424361532	107.39571439794	22.0592944438992	2.00048844025395	33.1336529167031	44.2380343327527	50.3076822698104	38.1773673823587
Gm4117	0	7.00598826885697	1.00012209018435	0	2.00048844025395	1.00012209018435	1.00012209018435	1.00012209018435
Gm42418	9.00990220315199	7.00598826885697	10.0122269359159	9.00990220315199	16.0313316193744	18.0396670359275	44.2380343327527	8.00782268745052
Gm42445	0	16.0313316193744	6.00439882750478	0	3.00109916954915	2.00048844025395	4.00195439749781	5.00305424361532
Gm42503	1.00012209018435	0	4.00195439749781	0	2.00048844025395	5.00305424361532	8.00782268745052	0
Gm42519	0	3.00109916954915	2.00048844025395	0	5.00305424361532	3.00109916954915	6.00439882750478	5.00305424361532
Gm42553	0	2.00048844025395	0	0	0	5.00305424361532	0	1.00012209018435
Gm43238	1.00012209018435	11.0147970057849	0	0	4.00195439749781	1.00012209018435	9.00990220315199	5.00305424361532
Gm43287	0	0	0	0	0	2.00048844025395	5.00305424361532	0
Gm43305	0	0	0	0	8.00782268745052	0	0	0
Gm43430	0	0	0	0	0	2.00048844025395	7.00598826885697	0
Gm43622	0	6.00439882750478	2.00048844025395	0	1.00012209018435	6.00439882750478	5.00305424361532	0
Gm44044	0	1.00012209018435	3.00109916954915	0	0	4.00195439749781	5.00305424361532	4.00195439749781
Gm44443	1.00012209018435	5.00305424361532	0	0	0	5.00305424361532	3.00109916954915	3.00109916954915
Gm5611	0	0	0	2.00048844025395	1.00012209018435	0	5.00305424361532	0
Gm6133	2.00048844025395	3.00109916954915	0	2.00048844025395	7.00598826885697	2.00048844025395	2.00048844025395	3.00109916954915
Gm6525	1.00012209018435	4.00195439749781	0	6.00439882750478	0	3.00109916954915	5.00305424361532	0
Gm8225	1.00012209018435	13.0206736374495	0	5.00305424361532	4.00195439749781	5.00305424361532	13.0206736374495	14.0239804397716
Gm8730	0	5.00305424361532	0	2.00048844025395	8.00782268745052	4.00195439749781	11.0147970057849	5.00305424361532
Gm9493	7.00598826885697	1.00012209018435	0	10.0122269359159	5.00305424361532	4.00195439749781	8.00782268745052	5.00305424361532
Gm9843	0	2.00048844025395	0	2.00048844025395	8.00782268745052	3.00109916954915	1.00012209018435	4.00195439749781
Gm9844	0	1.00012209018435	0	0	1.00012209018435	2.00048844025395	3.00109916954915	5.00305424361532
Gna12	0	0	0	0	0	0	0	5.00305424361532
Gnai2	0	20.048987655079	0	0	1.00012209018435	2.00048844025395	5.00305424361532	22.0592944438992
Gnaq	0	2.00048844025395	0	1.00012209018435	0	1.00012209018435	8.00782268745052	0
Gnas	1.00012209018435	5.00305424361532	1.00012209018435	0	2.00048844025395	6.00439882750478	1.00012209018435	2.00048844025395
Gnb2l1	5.00305424361532	3.00109916954915	1.00012209018435	1.00012209018435	5.00305424361532	8.00782268745052	5.00305424361532	0
Gng11	1.00012209018435	1.00012209018435	0	0	0	0	0	8.00782268745052
Gpx3	1.00012209018435	0	0	0	0	5.00305424361532	4.00195439749781	0
Gpx4	0	2.00048844025395	0	1.00012209018435	0	1.00012209018435	7.00598826885697	2.00048844025395
Grn	0	7.00598826885697	0	1.00012209018435	0	3.00109916954915	3.00109916954915	2.00048844025395
Gstm1	1.00012209018435	2.00048844025395	0	5.00305424361532	0	2.00048844025395	13.0206736374495	2.00048844025395
Gstm2	9.00990220315199	0	0	2.00048844025395	0	2.00048844025395	0	0
Gucy1a3	1.00012209018435	0	0	1.00012209018435	0	5.00305424361532	3.00109916954915	0
H1f0	0	5.00305424361532	0	1.00012209018435	0	0	3.00109916954915	1.00012209018435
H2-Ab1	0	0	0	0	6.00439882750478	0	0	0
H2-D1	0	5.00305424361532	0	2.00048844025395	3.00109916954915	2.00048844025395	19.0442041347699	12.0176125328898
H2-Eb1	0	0	0	0	7.00598826885697	1.00012209018435	0	0
H2-Ob	0	1.00012209018435	0	0	8.00782268745052	0	0	0
H2-Q5	0	2.00048844025395	0	5.00305424361532	5.00305424361532	4.00195439749781	1.00012209018435	2.00048844025395
H2afz	1.00012209018435	2.00048844025395	0	0	0	6.00439882750478	1.00012209018435	3.00109916954915
H3f3b	0	8.00782268745052	0	6.00439882750478	1.00012209018435	10.0122269359159	11.0147970057849	5.00305424361532
Hdac7	1.00012209018435	1.00012209018435	0	0	0	1.00012209018435	3.00109916954915	5.00305424361532
Hdgf	0	0	1.00012209018435	0	0	0	8.00782268745052	1.00012209018435
Heg1	0	6.00439882750478	0	1.00012209018435	0	0	1.00012209018435	0
Hexim1	1.00012209018435	1.00012209018435	0	0	0	3.00109916954915	6.00439882750478	0
Hilpda	0	0	0	0	0	1.00012209018435	6.00439882750478	0
Hipk3	0	0	0	0	0	1.00012209018435	7.00598826885697	0
Hist1h2bc	0	7.00598826885697	0	0	0	1.00012209018435	0	0
Hlx	0	10.0122269359159	0	0	0	0	0	1.00012209018435
Hmgb1	0	4.00195439749781	0	1.00012209018435	1.00012209018435	5.00305424361532	4.00195439749781	4.00195439749781
Hmgcs2	0	0	0	5.00305424361532	1.00012209018435	6.00439882750478	10.0122269359159	0
Hnrnpab	1.00012209018435	3.00109916954915	0	1.00012209018435	0	1.00012209018435	5.00305424361532	2.00048844025395
Hnrnpc	0	5.00305424361532	1.00012209018435	1.00012209018435	0	1.00012209018435	1.00012209018435	0
Hnrnpf	0	2.00048844025395	0	5.00305424361532	1.00012209018435	1.00012209018435	1.00012209018435	1.00012209018435
Hnrnph1	1.00012209018435	3.00109916954915	0	3.00109916954915	2.00048844025395	5.00305424361532	4.00195439749781	3.00109916954915
Hnrnpk	0	4.00195439749781	0	1.00012209018435	0	4.00195439749781	7.00598826885697	3.00109916954915
Hsp90aa1	0	1.00012209018435	0	1.00012209018435	11.0147970057849	3.00109916954915	7.00598826885697	2.00048844025395
Hsp90ab1	3.00109916954915	9.00990220315199	0	2.00048844025395	2.00048844025395	5.00305424361532	14.0239804397716	6.00439882750478
Hsp90b1	2.00048844025395	2.00048844025395	0	1.00012209018435	0	5.00305424361532	26.0828704059517	5.00305424361532
Hspa1a	11.0147970057849	65.5212691545208	0	0	2.00048844025395	1.00012209018435	2.00048844025395	12.0176125328898
Hspa5	0	3.00109916954915	0	3.00109916954915	1.00012209018435	11.0147970057849	31.1179048445245	3.00109916954915
Hspa8	2.00048844025395	5.00305424361532	0	3.00109916954915	4.00195439749781	12.0176125328898	36.1591362501238	5.00305424361532
Hspb1	0	1.00012209018435	0	9.00990220315199	0	0	1.00012209018435	7.00598826885697
Hspg2	0	2.00048844025395	0	1.00012209018435	0	0	1.00012209018435	7.00598826885697
Htra1	0	0	0	0	0	8.00782268745052	7.00598826885697	0
Icam1	0	0	0	0	0	2.00048844025395	11.0147970057849	3.00109916954915
Id3	1.00012209018435	8.00782268745052	0	1.00012209018435	0	1.00012209018435	9.00990220315199	5.00305424361532
Ier5	0	0	1.00012209018435	0	0	11.0147970057849	6.00439882750478	0
Ifi203	0	1.00012209018435	0	0	0	1.00012209018435	9.00990220315199	0
Ifitm1	3.00109916954915	0	0	0	0	8.00782268745052	12.0176125328898	0
Ifitm2	0	4.00195439749781	0	0	0	1.00012209018435	3.00109916954915	8.00782268745052
Ifitm3	1.00012209018435	8.00782268745052	1.00012209018435	4.00195439749781	0	2.00048844025395	11.0147970057849	3.00109916954915
Ifrd1	0	0	8.00782268745052	0	0	8.00782268745052	30.1104026871881	0
Igf1	3.00109916954915	0	0	1.00012209018435	0	8.00782268745052	10.0122269359159	0
Igf1r	0	1.00012209018435	0	1.00012209018435	0	9.00990220315199	5.00305424361532	1.00012209018435
Igfbp3	5.00305424361532	10.0122269359159	0	8.00782268745052	0	23.0648179545339	4.00195439749781	0
Igfbp4	2.00048844025395	1.00012209018435	0	1.00012209018435	2.00048844025395	33.1336529167031	24.0705883708827	0
Igfbp5	7.00598826885697	0	0	0	0	0	0	0
Igfbp7	13.0206736374495	144.519835602049	0	15.0275330602518	0	33.1336529167031	64.505270141498	44.2380343327527
Ighd	0	0	0	0	8.00782268745052	0	0	0
Ighm	0	0	0	0	8.00782268745052	0	0	0
Igkc	0	0	0	0	20.048987655079	0	0	0
Iigp1	0	0	0	0	0	0	67.5540235386734	0
Il1rl2	0	0	0	0	0	0	5.00305424361532	0
Il2rg	0	5.00305424361532	0	0	0	0	0	2.00048844025395
Il33	1.00012209018435	1.00012209018435	0	1.00012209018435	0	3.00109916954915	24.0705883708827	0
Il6st	0	2.00048844025395	0	0	0	1.00012209018435	7.00598826885697	3.00109916954915
Impdh1	0	8.00782268745052	0	0	0	0	1.00012209018435	2.00048844025395
Iqgap1	0	4.00195439749781	0	0	6.00439882750478	3.00109916954915	3.00109916954915	1.00012209018435
Irak1	0	2.00048844025395	1.00012209018435	2.00048844025395	2.00048844025395	8.00782268745052	8.00782268745052	2.00048844025395
Irf1	0	1.00012209018435	0	0	0	0	6.00439882750478	0
Irf8	0	0	0	1.00012209018435	1.00012209018435	9.00990220315199	14.0239804397716	0
Irgm2	0	0	0	0	0	2.00048844025395	5.00305424361532	0
Irs2	0	0	0	1.00012209018435	0	4.00195439749781	21.0540177177831	0
Iscu	2.00048844025395	0	1.00012209018435	0	0	7.00598826885697	2.00048844025395	0
Itgb1	1.00012209018435	9.00990220315199	0	0	0	5.00305424361532	3.00109916954915	4.00195439749781
Itm2b	2.00048844025395	12.0176125328898	0	10.0122269359159	2.00048844025395	13.0206736374495	18.0396670359275	11.0147970057849
Itm2c	3.00109916954915	12.0176125328898	0	1.00012209018435	0	3.00109916954915	4.00195439749781	2.00048844025395
Jak1	0	2.00048844025395	0	0	1.00012209018435	7.00598826885697	3.00109916954915	4.00195439749781
Jun	1.00012209018435	7.00598826885697	0	4.00195439749781	0	7.00598826885697	12.0176125328898	23.0648179545339
Junb	1.00012209018435	0	1.00012209018435	1.00012209018435	0	26.0828704059517	4.00195439749781	4.00195439749781
Jund	1.00012209018435	5.00305424361532	3.00109916954915	2.00048844025395	0	25.0766058142306	17.0353762377124	1.00012209018435
Kcne4	0	0	0	0	0	7.00598826885697	20.048987655079	0
Kcnj8	1.00012209018435	0	0	1.00012209018435	0	2.00048844025395	5.00305424361532	0
Kcnq1ot1	1.00012209018435	20.048987655079	8.00782268745052	0	14.0239804397716	9.00990220315199	10.0122269359159	8.00782268745052
Kctd12	1.00012209018435	1.00012209018435	0	6.00439882750478	0	3.00109916954915	5.00305424361532	3.00109916954915
Kdm2a	0	1.00012209018435	0	0	1.00012209018435	3.00109916954915	7.00598826885697	0
Kdm6b	0	0	5.00305424361532	0	0	18.0396670359275	9.00990220315199	1.00012209018435
Kdm7a	0	0	0	0	2.00048844025395	1.00012209018435	3.00109916954915	5.00305424361532
Kdr	0	15.0275330602518	0	0	0	0	0	1.00012209018435
Kif26a	0	6.00439882750478	0	0	0	0	0	3.00109916954915
Kif5b	0	2.00048844025395	0	0	3.00109916954915	5.00305424361532	0	1.00012209018435
Klf13	0	8.00782268745052	0	0	0	2.00048844025395	3.00109916954915	2.00048844025395
Klf2	0	10.0122269359159	0	0	3.00109916954915	0	1.00012209018435	1.00012209018435
Klf3	0	9.00990220315199	0	0	0	0	3.00109916954915	0
Klf4	0	6.00439882750478	0	0	0	7.00598826885697	20.048987655079	1.00012209018435
Klf6	0	2.00048844025395	0	11.0147970057849	0	2.00048844025395	5.00305424361532	7.00598826885697
Klf9	0	0	0	0	0	8.00782268745052	14.0239804397716	0
Kmt2e	0	2.00048844025395	0	0	6.00439882750478	1.00012209018435	6.00439882750478	1.00012209018435
Kpnb1	0	5.00305424361532	0	0	0	0	1.00012209018435	0
Lamc1	1.00012209018435	2.00048844025395	0	1.00012209018435	0	3.00109916954915	2.00048844025395	6.00439882750478
Lamp1	0	9.00990220315199	0	1.00012209018435	0	2.00048844025395	1.00012209018435	1.00012209018435
Lamp2	1.00012209018435	4.00195439749781	0	1.00012209018435	0	1.00012209018435	8.00782268745052	1.00012209018435
Laptm4a	0	2.00048844025395	0	3.00109916954915	1.00012209018435	5.00305424361532	2.00048844025395	4.00195439749781
Laptm5	0	0	0	0	7.00598826885697	0	0	0
Larp1	2.00048844025395	2.00048844025395	0	0	1.00012209018435	9.00990220315199	3.00109916954915	1.00012209018435
Lars2	0	0	0	1.00012209018435	0	7.00598826885697	2.00048844025395	0
Ldb2	0	8.00782268745052	0	0	0	0	4.00195439749781	1.00012209018435
Lepr	1.00012209018435	1.00012209018435	0	1.00012209018435	0	3.00109916954915	8.00782268745052	0
Lgals1	0	0	0	0	0	1.00012209018435	10.0122269359159	2.00048844025395
Lgals3bp	0	6.00439882750478	0	0	0	0	0	0
Lgals9	0	5.00305424361532	0	0	0	1.00012209018435	1.00012209018435	1.00012209018435
Lif	0	1.00012209018435	0	0	0	12.0176125328898	1.00012209018435	0
Lima1	0	0	0	0	0	4.00195439749781	10.0122269359159	1.00012209018435
Lmna	0	4.00195439749781	2.00048844025395	1.00012209018435	0	28.0961415204583	7.00598826885697	3.00109916954915
Lpl	5.00305424361532	0	0	0	0	2.00048844025395	6.00439882750478	1.00012209018435
Lpp	0	2.00048844025395	0	0	0	4.00195439749781	6.00439882750478	1.00012209018435
Lrp1	1.00012209018435	0	0	0	0	6.00439882750478	8.00782268745052	0
Lrpap1	0	0	0	0	0	0	5.00305424361532	0
Lrrc58	1.00012209018435	8.00782268745052	0	4.00195439749781	12.0176125328898	11.0147970057849	10.0122269359159	11.0147970057849
Ltbp4	0	7.00598826885697	0	1.00012209018435	0	1.00012209018435	0	1.00012209018435
Luc7l2	2.00048844025395	4.00195439749781	1.00012209018435	2.00048844025395	1.00012209018435	12.0176125328898	9.00990220315199	0
Ly6a	0	11.0147970057849	0	0	0	0	0	3.00109916954915
Ly6c1	0	35.1503934793561	0	0	0	0	0	19.0442041347699
Ly6e	0	19.0442041347699	0	0	4.00195439749781	4.00195439749781	3.00109916954915	12.0176125328898
Maf	0	0	1.00012209018435	0	0	3.00109916954915	7.00598826885697	0
Mafg	0	1.00012209018435	0	0	0	3.00109916954915	5.00305424361532	0
Malat1	1.00012209018435	14.0239804397716	65.5212691545208	4.00195439749781	49.2954494708865	130.042668296521	153.853679367656	13.0206736374495
Mapkapk2	0	1.00012209018435	0	0	0	5.00305424361532	9.00990220315199	0
Mapre1	1.00012209018435	0	2.00048844025395	0	1.00012209018435	7.00598826885697	1.00012209018435	1.00012209018435
March7	1.00012209018435	0	0	0	0	5.00305424361532	1.00012209018435	0
Marcksl1	0	0	1.00012209018435	0	0	2.00048844025395	7.00598826885697	3.00109916954915
Mat2a	0	2.00048844025395	1.00012209018435	0	0	4.00195439749781	7.00598826885697	0
Mbtd1	1.00012209018435	4.00195439749781	0	0	0	5.00305424361532	3.00109916954915	1.00012209018435
Mcam	0	5.00305424361532	0	0	0	0	0	3.00109916954915
Mcl1	0	1.00012209018435	0	0	5.00305424361532	6.00439882750478	10.0122269359159	1.00012209018435
Med13l	0	3.00109916954915	1.00012209018435	0	0	3.00109916954915	8.00782268745052	0
Med16	0	1.00012209018435	1.00012209018435	0	0	1.00012209018435	1.00012209018435	5.00305424361532
Meox2	1.00012209018435	0	0	4.00195439749781	0	0	5.00305424361532	0
Mettl9	1.00012209018435	0	0	1.00012209018435	0	0	5.00305424361532	0
Mfap1a	0	2.00048844025395	0	1.00012209018435	0	5.00305424361532	2.00048844025395	0
Mfge8	0	4.00195439749781	2.00048844025395	12.0176125328898	0	0	0	2.00048844025395
Mgll	0	13.0206736374495	0	0	0	0	0	0
Mgst1	0	0	0	0	0	3.00109916954915	7.00598826885697	0
Mir703	0	7.00598826885697	0	1.00012209018435	0	3.00109916954915	5.00305424361532	1.00012209018435
Mmp14	0	2.00048844025395	1.00012209018435	0	0	9.00990220315199	12.0176125328898	3.00109916954915
Mmp2	2.00048844025395	0	0	3.00109916954915	0	2.00048844025395	7.00598826885697	0
Mmp9	0	0	0	2.00048844025395	0	3.00109916954915	7.00598826885697	0
Mmrn2	0	18.0396670359275	0	0	0	0	0	2.00048844025395
Morf4l1	3.00109916954915	5.00305424361532	0	1.00012209018435	1.00012209018435	0	6.00439882750478	0
Ms4a1	0	0	0	0	15.0275330602518	0	0	0
Msc	1.00012209018435	0	0	0	0	0	7.00598826885697	1.00012209018435
Msl1	0	6.00439882750478	0	0	0	0	0	0
Msn	0	2.00048844025395	0	0	0	0	1.00012209018435	5.00305424361532
Msx1	0	5.00305424361532	0	0	0	4.00195439749781	0	0
Mtpn	0	6.00439882750478	0	0	1.00012209018435	3.00109916954915	1.00012209018435	1.00012209018435
Mustn1	0	0	0	0	0	3.00109916954915	6.00439882750478	0
Myadm	0	6.00439882750478	0	1.00012209018435	0	1.00012209018435	2.00048844025395	4.00195439749781
Myl6	0	8.00782268745052	0	5.00305424361532	6.00439882750478	5.00305424361532	7.00598826885697	9.00990220315199
Myl9	0	0	0	0	0	6.00439882750478	1.00012209018435	0
Mylk	0	1.00012209018435	0	1.00012209018435	0	0	7.00598826885697	1.00012209018435
Nab1	1.00012209018435	1.00012209018435	0	0	1.00012209018435	0	5.00305424361532	0
Naca	1.00012209018435	0	1.00012209018435	4.00195439749781	3.00109916954915	4.00195439749781	5.00305424361532	3.00109916954915
Nck1	0	6.00439882750478	0	0	0	0	2.00048844025395	4.00195439749781
Ncl	0	0	1.00012209018435	0	7.00598826885697	5.00305424361532	6.00439882750478	0
Ndufa10	0	0	0	0	0	0	5.00305424361532	0
Ndufa8	0	0	0	0	0	0	0	12.0176125328898
Nedd4	1.00012209018435	5.00305424361532	1.00012209018435	3.00109916954915	1.00012209018435	12.0176125328898	14.0239804397716	6.00439882750478
Nfia	3.00109916954915	2.00048844025395	0	0	1.00012209018435	4.00195439749781	5.00305424361532	1.00012209018435
Nfib	0	8.00782268745052	0	1.00012209018435	0	5.00305424361532	26.0828704059517	8.00782268745052
Nfic	1.00012209018435	5.00305424361532	0	0	0	3.00109916954915	1.00012209018435	10.0122269359159
Nfkb1	0	2.00048844025395	0	0	0	12.0176125328898	8.00782268745052	0
Nfkbia	0	3.00109916954915	2.00048844025395	1.00012209018435	1.00012209018435	19.0442041347699	70.6050478883099	4.00195439749781
Nfkbiz	0	0	0	1.00012209018435	0	3.00109916954915	24.0705883708827	2.00048844025395
Ngfr	0	0	0	0	0	0	9.00990220315199	0
Nipbl	0	1.00012209018435	0	0	1.00012209018435	3.00109916954915	5.00305424361532	3.00109916954915
Nisch	0	1.00012209018435	3.00109916954915	2.00048844025395	2.00048844025395	0	7.00598826885697	0
Noct	0	1.00012209018435	5.00305424361532	0	2.00048844025395	11.0147970057849	6.00439882750478	2.00048844025395
Nom1	0	0	0	0	5.00305424361532	0	0	0
Nop58	0	2.00048844025395	0	0	0	5.00305424361532	1.00012209018435	0
Notch1	0	2.00048844025395	0	0	0	5.00305424361532	0	1.00012209018435
Npm1	0	1.00012209018435	0	6.00439882750478	1.00012209018435	2.00048844025395	6.00439882750478	2.00048844025395
Nptn	0	7.00598826885697	0	0	1.00012209018435	0	2.00048844025395	0
Nr2f1	1.00012209018435	0	0	2.00048844025395	0	11.0147970057849	3.00109916954915	0
Nr3c1	0	9.00990220315199	0	0	3.00109916954915	2.00048844025395	2.00048844025395	3.00109916954915
Nr4a1	0	4.00195439749781	1.00012209018435	3.00109916954915	0	18.0396670359275	26.0828704059517	7.00598826885697
Nr4a2	0	0	0	0	0	3.00109916954915	12.0176125328898	0
Nr4a3	0	0	0	0	0	5.00305424361532	9.00990220315199	1.00012209018435
Nrd1	0	0	0	0	5.00305424361532	1.00012209018435	0	0
Nrp1	0	7.00598826885697	0	0	0	1.00012209018435	18.0396670359275	2.00048844025395
Nsa2	0	2.00048844025395	0	0	5.00305424361532	0	1.00012209018435	4.00195439749781
Nucb1	0	5.00305424361532	0	0	0	2.00048844025395	4.00195439749781	1.00012209018435
Nudt4	1.00012209018435	2.00048844025395	0	11.0147970057849	0	3.00109916954915	7.00598826885697	2.00048844025395
Oat	2.00048844025395	0	1.00012209018435	2.00048844025395	0	6.00439882750478	15.0275330602518	0
Oaz2	1.00012209018435	0	0	0	0	7.00598826885697	2.00048844025395	4.00195439749781
Odc1	1.00012209018435	1.00012209018435	0	0	0	12.0176125328898	3.00109916954915	3.00109916954915
Osmr	0	1.00012209018435	0	0	0	2.00048844025395	6.00439882750478	0
Pabpc1	0	6.00439882750478	2.00048844025395	1.00012209018435	6.00439882750478	15.0275330602518	18.0396670359275	3.00109916954915
Paics	0	5.00305424361532	0	0	0	0	0	3.00109916954915
Parn	2.00048844025395	0	0	0	0	0	6.00439882750478	0
Pbx1	0	0	0	0	0	2.00048844025395	7.00598826885697	0
Pcbp1	0	7.00598826885697	0	1.00012209018435	0	1.00012209018435	5.00305424361532	4.00195439749781
Pcdh7	1.00012209018435	0	1.00012209018435	0	0	2.00048844025395	5.00305424361532	0
Pcna	0	0	0	0	0	7.00598826885697	3.00109916954915	0
Pcolce	0	0	0	2.00048844025395	0	4.00195439749781	5.00305424361532	1.00012209018435
Pde4b	0	0	0	0	3.00109916954915	7.00598826885697	3.00109916954915	1.00012209018435
Pdgfra	1.00012209018435	0	0	2.00048844025395	0	7.00598826885697	6.00439882750478	0
Pdia3	0	4.00195439749781	0	0	0	2.00048844025395	5.00305424361532	3.00109916954915
Peak1	0	1.00012209018435	5.00305424361532	0	0	0	0	4.00195439749781
Pebp1	0	0	0	0	0	4.00195439749781	6.00439882750478	0
Pecam1	0	10.0122269359159	0	0	0	0	1.00012209018435	7.00598826885697
Pgam1	0	6.00439882750478	0	0	0	2.00048844025395	0	1.00012209018435
Pgrmc1	4.00195439749781	0	0	0	0	3.00109916954915	8.00782268745052	2.00048844025395
Phlda1	2.00048844025395	0	0	2.00048844025395	0	8.00782268745052	17.0353762377124	0
Phldb1	0	0	0	0	0	5.00305424361532	4.00195439749781	0
Pi15	0	0	1.00012209018435	1.00012209018435	0	6.00439882750478	6.00439882750478	1.00012209018435
Picalm	0	7.00598826885697	0	0	0	7.00598826885697	2.00048844025395	1.00012209018435
Pik3c2a	0	0	2.00048844025395	0	1.00012209018435	5.00305424361532	1.00012209018435	1.00012209018435
Pim1	0	0	2.00048844025395	1.00012209018435	0	11.0147970057849	11.0147970057849	2.00048844025395
Plcb1	2.00048844025395	5.00305424361532	0	0	0	0	0	0
Plec	0	2.00048844025395	0	0	0	3.00109916954915	0	7.00598826885697
Plekhg2	0	0	0	0	0	5.00305424361532	1.00012209018435	0
Plpp3	0	8.00782268745052	0	0	0	10.0122269359159	7.00598826885697	3.00109916954915
Plvap	0	35.1503934793561	0	0	0	1.00012209018435	2.00048844025395	25.0766058142306
Plxdc2	1.00012209018435	0	0	0	0	3.00109916954915	8.00782268745052	0
Plxna2	0	2.00048844025395	0	1.00012209018435	0	4.00195439749781	5.00305424361532	0
Plxnd1	0	0	0	0	0	1.00012209018435	0	7.00598826885697
Pnrc1	2.00048844025395	0	1.00012209018435	2.00048844025395	2.00048844025395	3.00109916954915	6.00439882750478	5.00305424361532
Podxl	0	17.0353762377124	0	0	0	0	0	8.00782268745052
Pola2	0	0	0	0	0	4.00195439749781	5.00305424361532	4.00195439749781
Polr2m	5.00305424361532	2.00048844025395	0	0	1.00012209018435	1.00012209018435	1.00012209018435	0
Postn	12.0176125328898	0	0	2.00048844025395	0	12.0176125328898	44.2380343327527	0
Pou2f2	0	1.00012209018435	0	0	5.00305424361532	0	0	1.00012209018435
Ppia	2.00048844025395	6.00439882750478	0	5.00305424361532	5.00305424361532	7.00598826885697	4.00195439749781	12.0176125328898
Ppp1r15a	0	0	0	1.00012209018435	0	2.00048844025395	7.00598826885697	0
Ppp2ca	0	2.00048844025395	2.00048844025395	0	0	3.00109916954915	13.0206736374495	3.00109916954915
Ppp2r2a	0	2.00048844025395	0	0	0	3.00109916954915	7.00598826885697	1.00012209018435
Ppp6r3	0	1.00012209018435	0	0	0	1.00012209018435	5.00305424361532	0
Prdx4	0	2.00048844025395	0	0	0	0	6.00439882750478	0
Prkar1a	1.00012209018435	4.00195439749781	0	0	1.00012209018435	7.00598826885697	10.0122269359159	2.00048844025395
Prkcdbp	0	1.00012209018435	0	1.00012209018435	0	0	0	5.00305424361532
Procr	0	0	0	0	0	11.0147970057849	0	1.00012209018435
Prpf38b	0	2.00048844025395	0	0	1.00012209018435	0	5.00305424361532	0
Prrc2a	0	1.00012209018435	0	1.00012209018435	1.00012209018435	0	6.00439882750478	0
Prrc2c	0	2.00048844025395	0	1.00012209018435	1.00012209018435	2.00048844025395	5.00305424361532	0
Prrx1	0	0	0	2.00048844025395	0	7.00598826885697	2.00048844025395	0
Psap	1.00012209018435	1.00012209018435	0	0	1.00012209018435	8.00782268745052	4.00195439749781	1.00012209018435
Ptgs2	0	0	2.00048844025395	0	0	4.00195439749781	12.0176125328898	0
Ptma	1.00012209018435	32.1256548803621	1.00012209018435	7.00598826885697	3.00109916954915	20.048987655079	43.22730021288	9.00990220315199
Ptn	1.00012209018435	0	0	1.00012209018435	0	5.00305424361532	9.00990220315199	0
Ptp4a1	0	0	1.00012209018435	1.00012209018435	0	5.00305424361532	6.00439882750478	1.00012209018435
Ptp4a2	0	1.00012209018435	0	5.00305424361532	2.00048844025395	3.00109916954915	5.00305424361532	4.00195439749781
Ptprb	0	9.00990220315199	0	0	0	0	0	8.00782268745052
Ptprf	0	0	0	0	0	5.00305424361532	6.00439882750478	0
Ptrf	0	2.00048844025395	0	0	0	0	4.00195439749781	5.00305424361532
Pura	0	0	0	1.00012209018435	0	5.00305424361532	9.00990220315199	0
Qk	0	5.00305424361532	0	0	0	3.00109916954915	1.00012209018435	1.00012209018435
RP23-233O21.6	0	3.00109916954915	1.00012209018435	0	1.00012209018435	7.00598826885697	4.00195439749781	0
RP23-341H2.4	0	7.00598826885697	2.00048844025395	0	4.00195439749781	5.00305424361532	6.00439882750478	6.00439882750478
RP23-4F16.12	0	0	0	0	0	6.00439882750478	0	0
Rab11b	0	1.00012209018435	0	0	0	6.00439882750478	5.00305424361532	1.00012209018435
Rab1a	0	0	0	0	0	0	0	6.00439882750478
Rab2a	0	3.00109916954915	1.00012209018435	0	0	5.00305424361532	0	2.00048844025395
Rad23b	0	0	0	3.00109916954915	0	2.00048844025395	7.00598826885697	3.00109916954915
Ramp2	0	8.00782268745052	0	0	0	1.00012209018435	1.00012209018435	1.00012209018435
Rap1b	1.00012209018435	6.00439882750478	0	2.00048844025395	3.00109916954915	0	3.00109916954915	1.00012209018435
Rap2a	0	2.00048844025395	0	0	0	7.00598826885697	1.00012209018435	1.00012209018435
Raph1	1.00012209018435	1.00012209018435	1.00012209018435	0	0	5.00305424361532	4.00195439749781	1.00012209018435
Rarres2	4.00195439749781	0	0	1.00012209018435	0	9.00990220315199	6.00439882750478	1.00012209018435
Rasa2	0	0	0	0	0	13.0206736374495	0	0
Rasgrp1	0	0	0	0	5.00305424361532	0	0	0
Rasgrp3	0	7.00598826885697	0	0	0	0	0	1.00012209018435
Rasip1	0	12.0176125328898	0	0	0	0	0	4.00195439749781
Rbbp6	0	0	0	0	1.00012209018435	1.00012209018435	10.0122269359159	1.00012209018435
Rbm25	1.00012209018435	4.00195439749781	1.00012209018435	0	2.00048844025395	6.00439882750478	0	4.00195439749781
Rbm3	0	4.00195439749781	1.00012209018435	3.00109916954915	0	2.00048844025395	2.00048844025395	6.00439882750478
Rbm39	0	0	0	0	4.00195439749781	2.00048844025395	6.00439882750478	4.00195439749781
Rbm5	0	0	0	0	1.00012209018435	6.00439882750478	0	0
Rbms1	1.00012209018435	7.00598826885697	0	0	0	10.0122269359159	7.00598826885697	0
Rbms3	0	0	0	3.00109916954915	0	14.0239804397716	10.0122269359159	0
Rbpms	0	1.00012209018435	0	0	0	5.00305424361532	1.00012209018435	1.00012209018435
Rcn3	2.00048844025395	0	0	0	0	0	5.00305424361532	0
Reep3	1.00012209018435	8.00782268745052	0	1.00012209018435	0	2.00048844025395	1.00012209018435	1.00012209018435
Rgs16	0	0	0	2.00048844025395	0	2.00048844025395	6.00439882750478	0
Rgs5	0	0	0	0	0	9.00990220315199	4.00195439749781	0
Rhoa	1.00012209018435	7.00598826885697	0	3.00109916954915	0	2.00048844025395	2.00048844025395	6.00439882750478
Rhoc	0	1.00012209018435	2.00048844025395	0	0	6.00439882750478	0	1.00012209018435
Rnf152	0	1.00012209018435	0	0	0	0	0	5.00305424361532
Rnpep	0	0	0	0	0	0	0	5.00305424361532
Robo4	0	5.00305424361532	0	0	0	0	0	3.00109916954915
Rpl10-ps3	4.00195439749781	5.00305424361532	0	4.00195439749781	11.0147970057849	8.00782268745052	19.0442041347699	5.00305424361532
Rpl10a	1.00012209018435	3.00109916954915	0	4.00195439749781	5.00305424361532	3.00109916954915	7.00598826885697	4.00195439749781
Rpl11	1.00012209018435	3.00109916954915	0	4.00195439749781	4.00195439749781	1.00012209018435	8.00782268745052	3.00109916954915
Rpl12	2.00048844025395	2.00048844025395	0	9.00990220315199	6.00439882750478	3.00109916954915	4.00195439749781	6.00439882750478
Rpl13	10.0122269359159	13.0206736374495	0	9.00990220315199	6.00439882750478	5.00305424361532	16.0313316193744	3.00109916954915
Rpl13-ps3	7.00598826885697	12.0176125328898	0	8.00782268745052	5.00305424361532	6.00439882750478	13.0206736374495	2.00048844025395
Rpl13a	8.00782268745052	6.00439882750478	0	0	7.00598826885697	5.00305424361532	7.00598826885697	1.00012209018435
Rpl15	1.00012209018435	9.00990220315199	0	2.00048844025395	3.00109916954915	3.00109916954915	2.00048844025395	6.00439882750478
Rpl17	7.00598826885697	9.00990220315199	0	7.00598826885697	13.0206736374495	7.00598826885697	18.0396670359275	10.0122269359159
Rpl18	1.00012209018435	8.00782268745052	0	2.00048844025395	1.00012209018435	5.00305424361532	8.00782268745052	11.0147970057849
Rpl18a	2.00048844025395	7.00598826885697	0	5.00305424361532	15.0275330602518	10.0122269359159	11.0147970057849	13.0206736374495
Rpl19	6.00439882750478	9.00990220315199	1.00012209018435	5.00305424361532	8.00782268745052	9.00990220315199	10.0122269359159	3.00109916954915
Rpl21	7.00598826885697	6.00439882750478	0	5.00305424361532	6.00439882750478	12.0176125328898	20.048987655079	2.00048844025395
Rpl21-ps4	2.00048844025395	1.00012209018435	0	1.00012209018435	2.00048844025395	2.00048844025395	5.00305424361532	1.00012209018435
Rpl22	3.00109916954915	0	0	5.00305424361532	2.00048844025395	3.00109916954915	0	1.00012209018435
Rpl23	5.00305424361532	16.0313316193744	0	10.0122269359159	10.0122269359159	9.00990220315199	15.0275330602518	11.0147970057849
Rpl23a-ps3	5.00305424361532	6.00439882750478	0	9.00990220315199	4.00195439749781	10.0122269359159	6.00439882750478	6.00439882750478
Rpl26	4.00195439749781	0	0	9.00990220315199	7.00598826885697	5.00305424361532	10.0122269359159	1.00012209018435
Rpl27a	5.00305424361532	5.00305424361532	0	6.00439882750478	4.00195439749781	6.00439882750478	7.00598826885697	1.00012209018435
Rpl28	4.00195439749781	3.00109916954915	0	6.00439882750478	4.00195439749781	2.00048844025395	5.00305424361532	5.00305424361532
Rpl3	2.00048844025395	7.00598826885697	0	3.00109916954915	5.00305424361532	3.00109916954915	5.00305424361532	6.00439882750478
Rpl31	1.00012209018435	4.00195439749781	0	2.00048844025395	1.00012209018435	4.00195439749781	7.00598826885697	9.00990220315199
Rpl32	6.00439882750478	2.00048844025395	1.00012209018435	5.00305424361532	5.00305424361532	2.00048844025395	11.0147970057849	5.00305424361532
Rpl34	0	4.00195439749781	0	3.00109916954915	8.00782268745052	5.00305424361532	1.00012209018435	2.00048844025395
Rpl35a	6.00439882750478	12.0176125328898	0	8.00782268745052	4.00195439749781	4.00195439749781	8.00782268745052	4.00195439749781
Rpl36a	2.00048844025395	1.00012209018435	0	5.00305424361532	0	3.00109916954915	4.00195439749781	1.00012209018435
Rpl37	2.00048844025395	7.00598826885697	1.00012209018435	8.00782268745052	5.00305424361532	5.00305424361532	12.0176125328898	4.00195439749781
Rpl37a	2.00048844025395	6.00439882750478	0	3.00109916954915	2.00048844025395	4.00195439749781	7.00598826885697	10.0122269359159
Rpl38	4.00195439749781	1.00012209018435	0	2.00048844025395	1.00012209018435	2.00048844025395	6.00439882750478	4.00195439749781
Rpl39	4.00195439749781	2.00048844025395	0	8.00782268745052	4.00195439749781	5.00305424361532	6.00439882750478	2.00048844025395
Rpl4	1.00012209018435	9.00990220315199	0	6.00439882750478	5.00305424361532	14.0239804397716	8.00782268745052	9.00990220315199
Rpl41	2.00048844025395	3.00109916954915	0	4.00195439749781	5.00305424361532	0	8.00782268745052	3.00109916954915
Rpl5	3.00109916954915	4.00195439749781	0	6.00439882750478	1.00012209018435	6.00439882750478	7.00598826885697	4.00195439749781
Rpl6	1.00012209018435	6.00439882750478	0	4.00195439749781	3.00109916954915	2.00048844025395	5.00305424361532	1.00012209018435
Rpl6l	1.00012209018435	3.00109916954915	0	4.00195439749781	3.00109916954915	4.00195439749781	5.00305424361532	1.00012209018435
Rpl7	3.00109916954915	9.00990220315199	0	6.00439882750478	5.00305424361532	11.0147970057849	12.0176125328898	7.00598826885697
Rpl7a-ps5	2.00048844025395	4.00195439749781	0	4.00195439749781	0	1.00012209018435	4.00195439749781	6.00439882750478
Rpl8	1.00012209018435	7.00598826885697	1.00012209018435	5.00305424361532	3.00109916954915	7.00598826885697	10.0122269359159	2.00048844025395
Rpl9-ps6	7.00598826885697	5.00305424361532	0	3.00109916954915	2.00048844025395	5.00305424361532	10.0122269359159	1.00012209018435
Rplp0	1.00012209018435	6.00439882750478	0	2.00048844025395	8.00782268745052	5.00305424361532	13.0206736374495	10.0122269359159
Rplp1	4.00195439749781	3.00109916954915	1.00012209018435	2.00048844025395	3.00109916954915	4.00195439749781	16.0313316193744	9.00990220315199
Rps10	3.00109916954915	4.00195439749781	0	3.00109916954915	6.00439882750478	8.00782268745052	7.00598826885697	2.00048844025395
Rps11	1.00012209018435	9.00990220315199	1.00012209018435	4.00195439749781	4.00195439749781	3.00109916954915	5.00305424361532	1.00012209018435
Rps13	3.00109916954915	7.00598826885697	0	2.00048844025395	8.00782268745052	2.00048844025395	11.0147970057849	5.00305424361532
Rps14	6.00439882750478	4.00195439749781	1.00012209018435	3.00109916954915	5.00305424361532	6.00439882750478	7.00598826885697	4.00195439749781
Rps15a	5.00305424361532	2.00048844025395	0	5.00305424361532	4.00195439749781	2.00048844025395	3.00109916954915	9.00990220315199
Rps16	7.00598826885697	1.00012209018435	0	8.00782268745052	1.00012209018435	5.00305424361532	15.0275330602518	4.00195439749781
Rps17	4.00195439749781	4.00195439749781	0	5.00305424361532	7.00598826885697	4.00195439749781	9.00990220315199	8.00782268745052
Rps18	3.00109916954915	4.00195439749781	0	3.00109916954915	3.00109916954915	3.00109916954915	9.00990220315199	6.00439882750478
Rps18-ps3	4.00195439749781	4.00195439749781	0	3.00109916954915	2.00048844025395	4.00195439749781	8.00782268745052	5.00305424361532
Rps19	6.00439882750478	5.00305424361532	0	8.00782268745052	2.00048844025395	3.00109916954915	11.0147970057849	1.00012209018435
Rps20	6.00439882750478	7.00598826885697	1.00012209018435	12.0176125328898	4.00195439749781	6.00439882750478	17.0353762377124	5.00305424361532
Rps21	3.00109916954915	7.00598826885697	0	7.00598826885697	7.00598826885697	7.00598826885697	4.00195439749781	4.00195439749781
Rps23	7.00598826885697	6.00439882750478	0	6.00439882750478	7.00598826885697	2.00048844025395	11.0147970057849	6.00439882750478
Rps24	5.00305424361532	6.00439882750478	0	13.0206736374495	15.0275330602518	9.00990220315199	16.0313316193744	3.00109916954915
Rps25	3.00109916954915	3.00109916954915	0	4.00195439749781	4.00195439749781	1.00012209018435	4.00195439749781	9.00990220315199
Rps26	2.00048844025395	2.00048844025395	0	4.00195439749781	4.00195439749781	2.00048844025395	9.00990220315199	5.00305424361532
Rps26-ps1	2.00048844025395	1.00012209018435	0	3.00109916954915	6.00439882750478	2.00048844025395	7.00598826885697	5.00305424361532
Rps27a	2.00048844025395	1.00012209018435	0	8.00782268745052	7.00598826885697	11.0147970057849	13.0206736374495	8.00782268745052
Rps27rt	2.00048844025395	10.0122269359159	0	11.0147970057849	8.00782268745052	1.00012209018435	13.0206736374495	1.00012209018435
Rps28	4.00195439749781	1.00012209018435	0	10.0122269359159	4.00195439749781	2.00048844025395	4.00195439749781	4.00195439749781
Rps29	5.00305424361532	4.00195439749781	0	14.0239804397716	9.00990220315199	5.00305424361532	13.0206736374495	9.00990220315199
Rps3	1.00012209018435	4.00195439749781	0	2.00048844025395	7.00598826885697	4.00195439749781	9.00990220315199	5.00305424361532
Rps3a1	9.00990220315199	6.00439882750478	0	17.0353762377124	5.00305424361532	10.0122269359159	7.00598826885697	10.0122269359159
Rps5	4.00195439749781	2.00048844025395	0	7.00598826885697	5.00305424361532	5.00305424361532	5.00305424361532	4.00195439749781
Rps6	4.00195439749781	10.0122269359159	1.00012209018435	4.00195439749781	5.00305424361532	5.00305424361532	15.0275330602518	3.00109916954915
Rps6ka3	2.00048844025395	5.00305424361532	0	0	1.00012209018435	0	0	1.00012209018435
Rps7	5.00305424361532	2.00048844025395	0	5.00305424361532	3.00109916954915	4.00195439749781	3.00109916954915	3.00109916954915
Rps8	3.00109916954915	18.0396670359275	0	9.00990220315199	7.00598826885697	11.0147970057849	13.0206736374495	7.00598826885697
Rps9	7.00598826885697	15.0275330602518	0	5.00305424361532	14.0239804397716	10.0122269359159	15.0275330602518	5.00305424361532
Rpsa	4.00195439749781	3.00109916954915	0	5.00305424361532	5.00305424361532	4.00195439749781	10.0122269359159	13.0206736374495
Rrbp1	1.00012209018435	6.00439882750478	0	1.00012209018435	0	2.00048844025395	1.00012209018435	0
Rsrp1	2.00048844025395	0	0	2.00048844025395	0	2.00048844025395	5.00305424361532	0
Rtn3	0	4.00195439749781	0	0	0	5.00305424361532	0	0
S100a11	0	15.0275330602518	0	2.00048844025395	0	1.00012209018435	0	0
S100a6	0	12.0176125328898	0	0	0	1.00012209018435	3.00109916954915	0
S1pr1	0	9.00990220315199	0	1.00012209018435	0	0	1.00012209018435	4.00195439749781
S1pr3	0	0	0	0	0	0	8.00782268745052	0
Sash1	2.00048844025395	0	0	0	0	12.0176125328898	10.0122269359159	1.00012209018435
Sat1	0	10.0122269359159	0	1.00012209018435	1.00012209018435	0	1.00012209018435	0
Scara3	0	0	0	0	0	3.00109916954915	7.00598826885697	0
Scarb1	0	1.00012209018435	0	0	0	0	0	5.00305424361532
Scarb2	0	1.00012209018435	0	0	0	8.00782268745052	2.00048844025395	0
Scd2	0	0	0	0	0	0	0	5.00305424361532
Sec14l1	0	3.00109916954915	0	0	0	0	1.00012209018435	6.00439882750478
Sec62	0	4.00195439749781	1.00012209018435	0	1.00012209018435	5.00305424361532	9.00990220315199	5.00305424361532
Sema4c	0	2.00048844025395	0	0	0	10.0122269359159	7.00598826885697	1.00012209018435
Sema5a	0	1.00012209018435	0	0	0	1.00012209018435	6.00439882750478	1.00012209018435
Sep15	0	2.00048844025395	0	4.00195439749781	0	2.00048844025395	0	5.00305424361532
Sepp1	2.00048844025395	1.00012209018435	0	4.00195439749781	0	4.00195439749781	28.0961415204583	0
Sept2	0	1.00012209018435	0	0	0	2.00048844025395	5.00305424361532	1.00012209018435
Serbp1	0	2.00048844025395	0	1.00012209018435	1.00012209018435	5.00305424361532	3.00109916954915	2.00048844025395
Serinc1	0	6.00439882750478	0	2.00048844025395	1.00012209018435	2.00048844025395	3.00109916954915	0
Serinc3	3.00109916954915	8.00782268745052	0	3.00109916954915	14.0239804397716	5.00305424361532	5.00305424361532	4.00195439749781
Serp1	0	2.00048844025395	0	1.00012209018435	6.00439882750478	1.00012209018435	8.00782268745052	1.00012209018435
Serpina10	0	0	0	1.00012209018435	0	8.00782268745052	1.00012209018435	0
Serpinb1a	0	6.00439882750478	0	0	0	0	0	4.00195439749781
Serpine1	0	0	0	1.00012209018435	0	0	10.0122269359159	0
Serping1	1.00012209018435	0	0	3.00109916954915	0	4.00195439749781	21.0540177177831	0
Serpinh1	3.00109916954915	4.00195439749781	1.00012209018435	3.00109916954915	0	2.00048844025395	15.0275330602518	8.00782268745052
Sf1	0	1.00012209018435	0	1.00012209018435	1.00012209018435	0	7.00598826885697	0
Sf3b1	2.00048844025395	1.00012209018435	0	2.00048844025395	3.00109916954915	2.00048844025395	12.0176125328898	3.00109916954915
Sfxn2	0	1.00012209018435	0	0	1.00012209018435	0	0	5.00305424361532
Sgce	1.00012209018435	0	0	0	0	5.00305424361532	0	1.00012209018435
Sgk1	1.00012209018435	12.0176125328898	0	0	0	0	0	16.0313316193744
Shisa3	1.00012209018435	0	0	0	0	1.00012209018435	7.00598826885697	0
Shisa5	0	8.00782268745052	1.00012209018435	1.00012209018435	10.0122269359159	0	0	2.00048844025395
Sipa1	0	0	0	0	8.00782268745052	1.00012209018435	0	2.00048844025395
Slc12a6	0	0	0	0	5.00305424361532	0	1.00012209018435	1.00012209018435
Slc22a3	0	0	0	0	0	5.00305424361532	0	0
Slc25a28	0	0	0	0	2.00048844025395	0	7.00598826885697	0
Slc25a3	0	2.00048844025395	0	2.00048844025395	0	5.00305424361532	4.00195439749781	1.00012209018435
Slc25a4	0	8.00782268745052	0	0	0	3.00109916954915	6.00439882750478	2.00048844025395
Slc25a5	1.00012209018435	6.00439882750478	0	2.00048844025395	2.00048844025395	4.00195439749781	9.00990220315199	3.00109916954915
Slc29a1	0	0	0	0	0	0	5.00305424361532	0
Slc2a3	0	0	0	0	0	1.00012209018435	8.00782268745052	0
Slc30a1	0	1.00012209018435	0	0	0	2.00048844025395	0	11.0147970057849
Slc38a2	0	1.00012209018435	0	0	1.00012209018435	0	7.00598826885697	3.00109916954915
Slc3a2	0	1.00012209018435	0	0	1.00012209018435	6.00439882750478	6.00439882750478	1.00012209018435
Slc43a3	0	0	0	0	0	10.0122269359159	18.0396670359275	0
Slc5a3	0	0	0	0	0	7.00598826885697	2.00048844025395	0
Slc6a6	0	32.1256548803621	0	0	0	7.00598826885697	10.0122269359159	0
Slc9a3r2	0	10.0122269359159	0	1.00012209018435	0	0	0	2.00048844025395
Sned1	1.00012209018435	0	0	0	0	6.00439882750478	1.00012209018435	0
Snrk	3.00109916954915	5.00305424361532	0	0	0	2.00048844025395	1.00012209018435	3.00109916954915
Snx3	0	5.00305424361532	0	3.00109916954915	0	2.00048844025395	0	1.00012209018435
Sod3	0	0	0	0	0	5.00305424361532	3.00109916954915	0
Son	2.00048844025395	1.00012209018435	2.00048844025395	1.00012209018435	1.00012209018435	18.0396670359275	10.0122269359159	7.00598826885697
Sox17	0	6.00439882750478	0	0	0	0	0	0
Sox18	0	11.0147970057849	0	0	0	0	0	3.00109916954915
Sox4	0	1.00012209018435	0	0	0	0	6.00439882750478	5.00305424361532
Spag9	0	0	0	0	0	7.00598826885697	3.00109916954915	3.00109916954915
Sparc	6.00439882750478	127.978672284089	2.00048844025395	21.0540177177831	0	53.3458824338344	85.8943526882953	88.9590741182177
Sparcl1	0	17.0353762377124	0	0	0	2.00048844025395	1.00012209018435	5.00305424361532
Spon1	3.00109916954915	0	0	1.00012209018435	0	3.00109916954915	12.0176125328898	0
Spsb1	0	0	1.00012209018435	0	0	6.00439882750478	0	0
Sptan1	0	1.00012209018435	0	0	0	2.00048844025395	6.00439882750478	4.00195439749781
Sptbn1	0	10.0122269359159	1.00012209018435	0	1.00012209018435	1.00012209018435	7.00598826885697	4.00195439749781
Sqstm1	0	2.00048844025395	0	0	0	0	12.0176125328898	2.00048844025395
Srrm2	0	2.00048844025395	2.00048844025395	0	3.00109916954915	5.00305424361532	7.00598826885697	1.00012209018435
Srsf2	1.00012209018435	0	0	1.00012209018435	0	4.00195439749781	12.0176125328898	2.00048844025395
Srsf6	0	0	0	0	0	3.00109916954915	6.00439882750478	3.00109916954915
Stat3	0	0	1.00012209018435	0	0	11.0147970057849	1.00012209018435	1.00012209018435
Stc1	0	4.00195439749781	0	1.00012209018435	0	15.0275330602518	2.00048844025395	2.00048844025395
Steap4	6.00439882750478	0	0	0	0	5.00305424361532	15.0275330602518	0
Stk17b	0	0	0	0	7.00598826885697	0	0	0
Stk40	0	0	0	0	0	8.00782268745052	6.00439882750478	0
Stmn2	0	10.0122269359159	0	0	0	0	0	0
Stt3b	0	0	0	1.00012209018435	2.00048844025395	3.00109916954915	5.00305424361532	0
Sumo1	0	0	0	0	0	2.00048844025395	5.00305424361532	0
Svep1	1.00012209018435	0	0	0	0	7.00598826885697	1.00012209018435	0
Syncrip	0	3.00109916954915	0	0	1.00012209018435	3.00109916954915	0	5.00305424361532
Sypl	0	1.00012209018435	1.00012209018435	0	2.00048844025395	0	1.00012209018435	6.00439882750478
Tagln2	0	7.00598826885697	0	1.00012209018435	0	1.00012209018435	2.00048844025395	4.00195439749781
Tapbp	0	4.00195439749781	0	0	1.00012209018435	0	4.00195439749781	5.00305424361532
Tapbpl	0	0	0	0	2.00048844025395	7.00598826885697	2.00048844025395	1.00012209018435
Tbl1x	0	0	0	0	0	1.00012209018435	6.00439882750478	0
Tcf4	0	19.0442041347699	0	0	0	0	2.00048844025395	8.00782268745052
Tgfbi	1.00012209018435	0	0	0	0	1.00012209018435	9.00990220315199	8.00782268745052
Tgfbr2	0	11.0147970057849	0	2.00048844025395	0	0	1.00012209018435	2.00048844025395
Thbs1	0	0	4.00195439749781	0	0	10.0122269359159	19.0442041347699	0
Thrap3	0	0	0	0	0	1.00012209018435	5.00305424361532	1.00012209018435
Tie1	0	13.0206736374495	0	0	0	1.00012209018435	0	1.00012209018435
Timp3	0	5.00305424361532	0	0	0	1.00012209018435	0	6.00439882750478
Tinagl1	0	1.00012209018435	0	0	0	0	0	6.00439882750478
Tiprl	0	5.00305424361532	0	0	0	4.00195439749781	2.00048844025395	2.00048844025395
Tm4sf1	0	7.00598826885697	0	0	0	0	0	1.00012209018435
Tmbim6	1.00012209018435	6.00439882750478	0	0	2.00048844025395	1.00012209018435	3.00109916954915	8.00782268745052
Tmed10	0	5.00305424361532	0	2.00048844025395	0	5.00305424361532	5.00305424361532	3.00109916954915
Tmed5	0	4.00195439749781	0	0	1.00012209018435	22.0592944438992	4.00195439749781	4.00195439749781
Tmed9	0	2.00048844025395	0	1.00012209018435	3.00109916954915	1.00012209018435	10.0122269359159	2.00048844025395
Tmem176a	5.00305424361532	1.00012209018435	0	0	0	10.0122269359159	16.0313316193744	2.00048844025395
Tmem176b	3.00109916954915	5.00305424361532	0	3.00109916954915	0	21.0540177177831	22.0592944438992	10.0122269359159
Tmem245	0	5.00305424361532	1.00012209018435	0	0	5.00305424361532	1.00012209018435	0
Tmem30a	0	3.00109916954915	0	0	0	1.00012209018435	5.00305424361532	0
Tmem50a	0	5.00305424361532	0	1.00012209018435	3.00109916954915	7.00598826885697	10.0122269359159	1.00012209018435
Tmem59	0	0	0	1.00012209018435	1.00012209018435	5.00305424361532	2.00048844025395	0
Tmem88	0	9.00990220315199	1.00012209018435	0	0	4.00195439749781	0	4.00195439749781
Tmsb10	1.00012209018435	1.00012209018435	0	1.00012209018435	2.00048844025395	2.00048844025395	6.00439882750478	8.00782268745052
Tmsb4x	0	21.0540177177831	0	1.00012209018435	18.0396670359275	10.0122269359159	3.00109916954915	19.0442041347699
Tnfaip1	0	5.00305424361532	0	0	0	1.00012209018435	1.00012209018435	1.00012209018435
Tnfaip3	0	0	0	0	1.00012209018435	5.00305424361532	2.00048844025395	0
Tnfaip6	0	0	0	0	0	7.00598826885697	1.00012209018435	0
Tnfrsf12a	0	0	0	0	0	6.00439882750478	0	0
Tnfrsf1a	0	2.00048844025395	0	1.00012209018435	0	5.00305424361532	5.00305424361532	0
Tnfsf11	0	0	0	2.00048844025395	0	1.00012209018435	5.00305424361532	0
Tob2	0	0	0	0	0	6.00439882750478	6.00439882750478	1.00012209018435
Tomm20	0	0	0	1.00012209018435	2.00048844025395	6.00439882750478	3.00109916954915	0
Tox4	0	0	0	0	0	5.00305424361532	7.00598826885697	0
Tpm1	0	0	0	1.00012209018435	1.00012209018435	8.00782268745052	4.00195439749781	0
Tpm3	0	9.00990220315199	1.00012209018435	0	3.00109916954915	1.00012209018435	1.00012209018435	3.00109916954915
Tpm4	0	4.00195439749781	1.00012209018435	2.00048844025395	0	6.00439882750478	1.00012209018435	1.00012209018435
Tpr	0	5.00305424361532	0	0	2.00048844025395	1.00012209018435	0	2.00048844025395
Tpt1	10.0122269359159	32.1256548803621	0	14.0239804397716	18.0396670359275	23.0648179545339	28.0961415204583	22.0592944438992
Trib1	0	1.00012209018435	0	0	0	6.00439882750478	9.00990220315199	1.00012209018435
Trim2	0	1.00012209018435	0	0	1.00012209018435	5.00305424361532	1.00012209018435	0
Trp53i11	0	0	0	0	2.00048844025395	0	0	5.00305424361532
Trp53inp2	0	2.00048844025395	0	0	0	5.00305424361532	9.00990220315199	1.00012209018435
Trpv2	0	0	1.00012209018435	0	2.00048844025395	2.00048844025395	1.00012209018435	6.00439882750478
Tsc22d1	0	6.00439882750478	0	0	2.00048844025395	1.00012209018435	4.00195439749781	2.00048844025395
Tspan13	0	6.00439882750478	0	0	0	0	0	1.00012209018435
Tspan3	2.00048844025395	0	0	0	0	5.00305424361532	3.00109916954915	0
Tspan7	1.00012209018435	0	0	0	0	1.00012209018435	5.00305424361532	1.00012209018435
Ttf1	0	0	0	1.00012209018435	0	3.00109916954915	5.00305424361532	4.00195439749781
Tuba1a	0	5.00305424361532	0	1.00012209018435	1.00012209018435	5.00305424361532	29.1031482864402	12.0176125328898
Tubb4b	0	0	0	0	0	3.00109916954915	7.00598826885697	4.00195439749781
Tubb5	0	1.00012209018435	0	0	0	0	3.00109916954915	5.00305424361532
Txn1	1.00012209018435	2.00048844025395	0	0	0	13.0206736374495	6.00439882750478	1.00012209018435
Uba3	1.00012209018435	0	0	1.00012209018435	0	5.00305424361532	0	0
Uba5	0	0	0	1.00012209018435	0	1.00012209018435	5.00305424361532	4.00195439749781
Ubb	2.00048844025395	9.00990220315199	0	5.00305424361532	0	9.00990220315199	9.00990220315199	5.00305424361532
Ubc	0	19.0442041347699	0	0	3.00109916954915	4.00195439749781	10.0122269359159	9.00990220315199
Ube2j1	0	0	0	0	0	4.00195439749781	5.00305424361532	1.00012209018435
Ube2r2	2.00048844025395	5.00305424361532	0	0	0	4.00195439749781	0	5.00305424361532
Ubxn4	0	0	0	0	2.00048844025395	0	5.00305424361532	2.00048844025395
Ugcg	0	0	0	1.00012209018435	1.00012209018435	8.00782268745052	2.00048844025395	1.00012209018435
Vbp1	0	1.00012209018435	0	0	0	0	6.00439882750478	0
Vcam1	1.00012209018435	1.00012209018435	3.00109916954915	4.00195439749781	0	3.00109916954915	31.1179048445245	0
Vegfa	0	0	0	1.00012209018435	0	5.00305424361532	6.00439882750478	0
Vgll4	0	1.00012209018435	0	0	0	0	6.00439882750478	1.00012209018435
Vim	1.00012209018435	58.4145626995135	1.00012209018435	7.00598826885697	3.00109916954915	77.7329552185041	68.5707791601287	7.00598826885697
Vkorc1	0	0	0	0	0	1.00012209018435	6.00439882750478	0
Vmp1	0	0	3.00109916954915	0	0	5.00305424361532	6.00439882750478	0
Vwa1	0	5.00305424361532	0	1.00012209018435	1.00012209018435	0	0	8.00782268745052
Wasf2	0	8.00782268745052	0	1.00012209018435	1.00012209018435	1.00012209018435	1.00012209018435	1.00012209018435
Wdr89	2.00048844025395	3.00109916954915	0	3.00109916954915	4.00195439749781	4.00195439749781	4.00195439749781	10.0122269359159
Whsc1	0	5.00305424361532	0	0	0	0	0	0
Wipi1	0	0	0	1.00012209018435	0	5.00305424361532	2.00048844025395	0
Xdh	0	0	1.00012209018435	0	0	9.00990220315199	1.00012209018435	0
Ybx1	0	7.00598826885697	0	3.00109916954915	1.00012209018435	1.00012209018435	1.00012209018435	2.00048844025395
Ybx3	0	1.00012209018435	0	1.00012209018435	0	0	5.00305424361532	2.00048844025395
Yipf5	0	1.00012209018435	0	0	0	0	8.00782268745052	0
Ypel3	1.00012209018435	5.00305424361532	0	1.00012209018435	1.00012209018435	5.00305424361532	0	0
Ythdf1	0	0	0	1.00012209018435	1.00012209018435	2.00048844025395	5.00305424361532	0
Ywhab	1.00012209018435	4.00195439749781	0	1.00012209018435	1.00012209018435	7.00598826885697	6.00439882750478	5.00305424361532
Ywhae	0	2.00048844025395	0	1.00012209018435	0	3.00109916954915	3.00109916954915	8.00782268745052
Ywhaq	0	1.00012209018435	0	2.00048844025395	3.00109916954915	6.00439882750478	4.00195439749781	7.00598826885697
Ywhaz	1.00012209018435	1.00012209018435	0	2.00048844025395	2.00048844025395	3.00109916954915	7.00598826885697	4.00195439749781
Zbtb20	0	5.00305424361532	4.00195439749781	0	0	25.0766058142306	1.00012209018435	10.0122269359159
Zc3h13	0	0	0	0	2.00048844025395	0	6.00439882750478	0
Zfp36	0	0	1.00012209018435	1.00012209018435	1.00012209018435	0	29.1031482864402	0
Zfp36l1	1.00012209018435	15.0275330602518	1.00012209018435	2.00048844025395	9.00990220315199	21.0540177177831	61.4587843186464	18.0396670359275
Zmiz1	0	3.00109916954915	0	0	0	0	4.00195439749781	5.00305424361532
Zmynd11	0	1.00012209018435	0	0	0	2.00048844025395	8.00782268745052	3.00109916954915
mt-Atp6	25.0766058142306	52.332898627509	4.00195439749781	48.283466760365	27.0893822675098	57.4003247346927	65.5212691545208	41.2065798956254
mt-Atp8	1.00012209018435	4.00195439749781	0	2.00048844025395	5.00305424361532	8.00782268745052	4.00195439749781	1.00012209018435
mt-Co1	60.4437923669776	91.0034964217043	8.00782268745052	24.0705883708827	73.6583465760993	105.343095963603	120.762865711731	43.22730021288
mt-Co2	28.0961415204583	37.1681275103067	6.00439882750478	50.3076822698104	34.1418990756402	65.5212691545208	69.5877872348756	35.1503934793561
mt-Co3	27.0893822675098	30.1104026871881	1.00012209018435	40.1965934523377	28.0961415204583	51.3201652807748	54.3591168236642	19.0442041347699
mt-Cytb	29.1031482864402	50.3076822698104	9.00990220315199	37.1681275103067	21.0540177177831	39.186855988824	60.4437923669776	25.0766058142306
mt-Nd1	7.00598826885697	17.0353762377124	1.00012209018435	26.0828704059517	23.0648179545339	13.0206736374495	34.1418990756402	25.0766058142306
mt-Nd2	9.00990220315199	25.0766058142306	5.00305424361532	33.1336529167031	16.0313316193744	22.0592944438992	22.0592944438992	15.0275330602518
mt-Nd3	2.00048844025395	8.00782268745052	2.00048844025395	8.00782268745052	3.00109916954915	7.00598826885697	13.0206736374495	4.00195439749781
mt-Nd4	23.0648179545339	53.3458824338344	6.00439882750478	26.0828704059517	25.0766058142306	57.4003247346927	51.3201652807748	31.1179048445245
mt-Nd4l	0	10.0122269359159	4.00195439749781	1.00012209018435	4.00195439749781	7.00598826885697	11.0147970057849	3.00109916954915
mt-Nd5	4.00195439749781	29.1031482864402	6.00439882750478	7.00598826885697	10.0122269359159	30.1104026871881	23.0648179545339	13.0206736374495
mt-Rnr1	5.00305424361532	44.2380343327527	4.00195439749781	4.00195439749781	31.1179048445245	25.0766058142306	58.4145626995135	15.0275330602518
mt-Rnr2	40.1965934523377	132.107704891812	27.0893822675098	33.1336529167031	150.740034215819	115.616489861948	143.484053576046	110.476572008402
